"lon","lat","city","city_state"
NA,NA,"LIVINGSTON","LIVINGSTON, CA"
NA,NA,"SACRAMENTO","SACRAMENTO, CA"
NA,NA,"ALISO VIEJO","ALISO VIEJO, CA"
NA,NA,"CARLSBAD","CARLSBAD, CA"
NA,NA,"SAN DIEGO","SAN DIEGO, CA"
NA,NA,"KNIGHTSEN","KNIGHTSEN, CA"
NA,NA,"PALOS VERDES ESTATES","PALOS VERDES ESTATES, CA"
NA,NA,"CAMARILLO","CAMARILLO, CA"
NA,NA,"SANTA ANA","SANTA ANA, CA"
NA,NA,"CHATSWORTH","CHATSWORTH, CA"
NA,NA,"AUBURN","AUBURN, CA"
NA,NA,"SAN LEANDRO","SAN LEANDRO, CA"
NA,NA,"ANAHEIM","ANAHEIM, CA"
NA,NA,"MARIPOSA, CA 95338","MARIPOSA, CA 95338, CA"
NA,NA,"LOS ANGELES","LOS ANGELES, CA"
NA,NA,"FRESNO","FRESNO, CA"
NA,NA,"WALNUT CREEK","WALNUT CREEK, CA"
NA,NA,"SAN FRANCISCO","SAN FRANCISCO, CA"
NA,NA,"ROCKLIN","ROCKLIN, CA"
NA,NA,"LAGUNA NIGUEL","LAGUNA NIGUEL, CA"
NA,NA,"SAN JOSE","SAN JOSE, CA"
NA,NA,"POMONA","POMONA, CA"
NA,NA,"PORTER RANCH","PORTER RANCH, CA"
NA,NA,"PENN VALLEY","PENN VALLEY, CA"
NA,NA,"MAGALIA","MAGALIA, CA"
NA,NA,"ROSEVILLE","ROSEVILLE, CA"
NA,NA,"ALAMEDA","ALAMEDA, CA"
NA,NA,"HEMET","HEMET, CA"
NA,NA,"SOUTH PASADENA","SOUTH PASADENA, CA"
NA,NA,"OROVILLE","OROVILLE, CA"
NA,NA,"CARMICHAEL","CARMICHAEL, CA"
NA,NA,"HUNTINGTON BEACH","HUNTINGTON BEACH, CA"
NA,NA,"TUSTIN","TUSTIN, CA"
NA,NA,"CERES","CERES, CA"
NA,NA,"ALTADENA","ALTADENA, CA"
NA,NA,"CHICAGO PARK","CHICAGO PARK, CA"
NA,NA,"GOLD RIVER","GOLD RIVER, CA"
NA,NA,"CRESCENT CITY","CRESCENT CITY, CA"
NA,NA,"CASTAIC","CASTAIC, CA"
NA,NA,"RANCHO PALOS VERDES","RANCHO PALOS VERDES, CA"
NA,NA,"PALM DESERT","PALM DESERT, CA"
NA,NA,"YUCAIPA","YUCAIPA, CA"
NA,NA,"MOUNTAIN VIEW","MOUNTAIN VIEW, CA"
NA,NA,"HOLLISTER","HOLLISTER, CA"
NA,NA,"TURLOCK","TURLOCK, CA"
NA,NA,"MORENO VALLEY","MORENO VALLEY, CA"
NA,NA,"SAN MARCOS","SAN MARCOS, CA"
NA,NA,"PASADENA","PASADENA, CA"
NA,NA,"RANCHO MIRAGE","RANCHO MIRAGE, CA"
NA,NA,"REDONDO BEACH","REDONDO BEACH, CA"
NA,NA,"ORANGE","ORANGE, CA"
NA,NA,"GLENDALE","GLENDALE, CA"
NA,NA,"IRVINE","IRVINE, CA"
NA,NA,"MORAGA","MORAGA, CA"
NA,NA,"ONTARIO","ONTARIO, CA"
NA,NA,"INDIAN WELLS","INDIAN WELLS, CA"
NA,NA,"WEST HILLS","WEST HILLS, CA"
NA,NA,"ALAMO","ALAMO, CA"
NA,NA,"BUENA PARK","BUENA PARK, CA"
NA,NA,"NAPA","NAPA, CA"
NA,NA,"GILROY","GILROY, CA"
NA,NA,"OAKLAND","OAKLAND, CA"
NA,NA,"MONTEREY","MONTEREY, CA"
NA,NA,"LONG BEACH","LONG BEACH, CA"
NA,NA,"WESTLAKE VILLAGE","WESTLAKE VILLAGE, CA"
NA,NA,"MODESTO","MODESTO, CA"
NA,NA,"UPLAND","UPLAND, CA"
NA,NA,"SUNNYVALE","SUNNYVALE, CA"
NA,NA,"NEWPORT BEACH","NEWPORT BEACH, CA"
NA,NA,"REDDING","REDDING, CA"
NA,NA,"FULLERTON","FULLERTON, CA"
NA,NA,"SANTA CRUZ","SANTA CRUZ, CA"
NA,NA,"CARMEL","CARMEL, CA"
NA,NA,"GROVELAND","GROVELAND, CA"
NA,NA,"PLEASANTON","PLEASANTON, CA"
NA,NA,"VISALIA","VISALIA, CA"
NA,NA,"RIVERSIDE","RIVERSIDE, CA"
NA,NA,"REDLANDS","REDLANDS, CA"
NA,NA,"BAKERSFIELD","BAKERSFIELD, CA"
NA,NA,"SYLMAR","SYLMAR, CA"
NA,NA,"SUN CITY","SUN CITY, CA"
NA,NA,"WEAVERVILLE","WEAVERVILLE, CA"
NA,NA,"CORONA","CORONA, CA"
NA,NA,"CULVER CITY","CULVER CITY, CA"
NA,NA,"FALLBROOK","FALLBROOK, CA"
NA,NA,"CORONADO","CORONADO, CA"
NA,NA,"NEWBURY PARK","NEWBURY PARK, CA"
NA,NA,"PORT HUENEME","PORT HUENEME, CA"
NA,NA,"EASTVALE","EASTVALE, CA"
NA,NA,"ARROYO GRANDE","ARROYO GRANDE, CA"
NA,NA,"SIMI VALLEY","SIMI VALLEY, CA"
NA,NA,"SUNLAND","SUNLAND, CA"
NA,NA,"WEST COVINA","WEST COVINA, CA"
NA,NA,"DPO","DPO, CA"
NA,NA,"LA MESA","LA MESA, CA"
NA,NA,"STOCKTON","STOCKTON, CA"
NA,NA,"CANYON COUNTRY","CANYON COUNTRY, CA"
NA,NA,"MILL VALLEY","MILL VALLEY, CA"
NA,NA,"COTO DE CAZA","COTO DE CAZA, CA"
NA,NA,"CALIFORNIA CITY","CALIFORNIA CITY, CA"
NA,NA,"SANTA MONICA","SANTA MONICA, CA"
NA,NA,"HIGHLAND","HIGHLAND, CA"
NA,NA,"BRENTWOOD","BRENTWOOD, CA"
NA,NA,"MORGAN HILL","MORGAN HILL, CA"
NA,NA,"LA HABRA","LA HABRA, CA"
NA,NA,"SANTA BARBARA","SANTA BARBARA, CA"
NA,NA,"NEWHALL","NEWHALL, CA"
NA,NA,"KENSINGTON","KENSINGTON, CA"
NA,NA,"CHINO HILLS","CHINO HILLS, CA"
NA,NA,"WHITTIER","WHITTIER, CA"
NA,NA,"SANTA ROSA","SANTA ROSA, CA"
NA,NA,"ARCADIA","ARCADIA, CA"
NA,NA,"SOUTH LAKE TAHOE","SOUTH LAKE TAHOE, CA"
NA,NA,"BURBANK","BURBANK, CA"
NA,NA,"LOS GATOS","LOS GATOS, CA"
NA,NA,"VAN NUYS","VAN NUYS, CA"
NA,NA,"POWAY","POWAY, CA"
NA,NA,"DALY CITY","DALY CITY, CA"
NA,NA,"LADERA RANCH","LADERA RANCH, CA"
NA,NA,"NORTH HOLLYWOOD","NORTH HOLLYWOOD, CA"
NA,NA,"VALENCIA","VALENCIA, CA"
NA,NA,"GLENDALE, CA","GLENDALE, CA, CA"
NA,NA,"GRANITE BAY","GRANITE BAY, CA"
NA,NA,"SAN LUIS OBISPO","SAN LUIS OBISPO, CA"
NA,NA,"BEVERLY HILLS","BEVERLY HILLS, CA"
NA,NA,"OXNARD","OXNARD, CA"
NA,NA,"OCEANSIDE","OCEANSIDE, CA"
NA,NA,"SAN FERNANDO","SAN FERNANDO, CA"
NA,NA,"FORT BRAGG","FORT BRAGG, CA"
NA,NA,"BIGGS","BIGGS, CA"
NA,NA,"DAVIS","DAVIS, CA"
NA,NA,"ELK GROVE","ELK GROVE, CA"
NA,NA,"DOWNEY","DOWNEY, CA"
NA,NA,"APPLE VALLEY","APPLE VALLEY, CA"
NA,NA,"MENIFEE","MENIFEE, CA"
NA,NA,"MANHATTAN BEACH","MANHATTAN BEACH, CA"
NA,NA,"VALLEJO","VALLEJO, CA"
NA,NA,"SALINAS","SALINAS, CA"
NA,NA,"CAMPBELL","CAMPBELL, CA"
NA,NA,"FOUNTAIN VALLEY","FOUNTAIN VALLEY, CA"
NA,NA,"PLEASANT HILL","PLEASANT HILL, CA"
NA,NA,"TRACY","TRACY, CA"
NA,NA,"NIPOMO","NIPOMO, CA"
NA,NA,"WESTMINSTER","WESTMINSTER, CA"
NA,NA,"WEST HOLLYWOOD","WEST HOLLYWOOD, CA"
NA,NA,"MISSION VIEJO","MISSION VIEJO, CA"
NA,NA,"CLAREMONT","CLAREMONT, CA"
NA,NA,"GLENDORA","GLENDORA, CA"
NA,NA,"SAN ANSELMO","SAN ANSELMO, CA"
NA,NA,"SHERMAN OAKS","SHERMAN OAKS, CA"
NA,NA,"SAN JUAN CAPISTRANO","SAN JUAN CAPISTRANO, CA"
NA,NA,"LA VERNE","LA VERNE, CA"
NA,NA,"REDWOOD CITY","REDWOOD CITY, CA"
NA,NA,"LA QUINTA","LA QUINTA, CA"
NA,NA,"TULARE","TULARE, CA"
NA,NA,"ESCALON","ESCALON, CA"
NA,NA,"CORONA DEL MAR","CORONA DEL MAR, CA"
NA,NA,"HANFORD","HANFORD, CA"
NA,NA,"ORINDA","ORINDA, CA"
NA,NA,"AMERICAN CANYON","AMERICAN CANYON, CA"
NA,NA,"NEWPORT COAST","NEWPORT COAST, CA"
NA,NA,"SARATOGA","SARATOGA, CA"
NA,NA,"LIVERMORE","LIVERMORE, CA"
NA,NA,"WILLOW CREEK","WILLOW CREEK, CA"
NA,NA,"EL DORADO HILLS","EL DORADO HILLS, CA"
NA,NA,"ANTELOPE","ANTELOPE, CA"
NA,NA,"CHULA VISTA","CHULA VISTA, CA"
NA,NA,"RANCHO CORDOVA","RANCHO CORDOVA, CA"
NA,NA,"CASTRO VALLEY","CASTRO VALLEY, CA"
NA,NA,"SAN CLEMENTE","SAN CLEMENTE, CA"
NA,NA,"IDYLLWILD","IDYLLWILD, CA"
NA,NA,"SHINGLE SPRINGS","SHINGLE SPRINGS, CA"
NA,NA,"MILPITAS","MILPITAS, CA"
NA,NA,"TEMECULA","TEMECULA, CA"
NA,NA,"EAST PALO ALTO","EAST PALO ALTO, CA"
NA,NA,"BIG BEAR LAKE","BIG BEAR LAKE, CA"
NA,NA,"GARDENA","GARDENA, CA"
NA,NA,"BONITA","BONITA, CA"
NA,NA,"FOWLER","FOWLER, CA"
NA,NA,"VICTORVILLE","VICTORVILLE, CA"
NA,NA,"FAIR OAKS","FAIR OAKS, CA"
NA,NA,"SANTA MARIA","SANTA MARIA, CA"
NA,NA,"RIDGECREST","RIDGECREST, CA"
NA,NA,"YORBA LINDA","YORBA LINDA, CA"
NA,NA,"TAHOE CITY","TAHOE CITY, CA"
NA,NA,"PACIFIC GROVE","PACIFIC GROVE, CA"
NA,NA,"ACTON","ACTON, CA"
NA,NA,"NORTH TUSTIN","NORTH TUSTIN, CA"
NA,NA,"NATIONAL CITY","NATIONAL CITY, CA"
NA,NA,"FONTANA","FONTANA, CA"
NA,NA,"ENCINITAS","ENCINITAS, CA"
NA,NA,"ESCONDIDO","ESCONDIDO, CA"
NA,NA,"TEMPLE CITY","TEMPLE CITY, CA"
NA,NA,"PALM SPRINGS","PALM SPRINGS, CA"
NA,NA,"BELL CANYON","BELL CANYON, CA"
NA,NA,"UKIAH","UKIAH, CA"
NA,NA,"COLUMBIA","COLUMBIA, CA"
NA,NA,"KERMAN","KERMAN, CA"
NA,NA,"EL CAJON","EL CAJON, CA"
NA,NA,"MALIBU","MALIBU, CA"
NA,NA,"DANA POINT","DANA POINT, CA"
NA,NA,"PALO ALTO","PALO ALTO, CA"
NA,NA,"WILTON","WILTON, CA"
NA,NA,"SAN MATEO","SAN MATEO, CA"
NA,NA,"LEMOORE","LEMOORE, CA"
NA,NA,"VENTURA","VENTURA, CA"
NA,NA,"CALIMESA","CALIMESA, CA"
NA,NA,"APTOS","APTOS, CA"
NA,NA,"NOVATO","NOVATO, CA"
NA,NA,"POTRERO","POTRERO, CA"
NA,NA,"SEASIDE","SEASIDE, CA"
NA,NA,"SPRING VALLEY","SPRING VALLEY, CA"
NA,NA,"HAWTHORNE","HAWTHORNE, CA"
NA,NA,"LAKEWOOD","LAKEWOOD, CA"
NA,NA,"PASO ROBLES","PASO ROBLES, CA"
NA,NA,"PICO RIVERA","PICO RIVERA, CA"
NA,NA,"WILDOMAR","WILDOMAR, CA"
NA,NA,"SANTA CLARITA","SANTA CLARITA, CA"
NA,NA,"EL SEGUNDO","EL SEGUNDO, CA"
NA,NA,"INDIO","INDIO, CA"
NA,NA,"STUDIO CITY","STUDIO CITY, CA"
NA,NA,"BARSTOW","BARSTOW, CA"
NA,NA,"SAN GABRIEL","SAN GABRIEL, CA"
NA,NA,"TARZANA","TARZANA, CA"
NA,NA,"MURRIETA","MURRIETA, CA"
NA,NA,"SAN BERNARDINO","SAN BERNARDINO, CA"
NA,NA,"ROSSMOOR","ROSSMOOR, CA"
NA,NA,"ACAMPO","ACAMPO, CA"
NA,NA,"LA","LA, CA"
NA,NA,"PACIFIC PALISADES","PACIFIC PALISADES, CA"
NA,NA,"LAGUNA HILLS","LAGUNA HILLS, CA"
NA,NA,"DANVILLE","DANVILLE, CA"
NA,NA,"BANNING","BANNING, CA"
NA,NA,"IGO","IGO, CA"
NA,NA,"OAKLEY","OAKLEY, CA"
NA,NA,"ORANGEVALE","ORANGEVALE, CA"
NA,NA,"LODI","LODI, CA"
NA,NA,"UNION CITY","UNION CITY, CA"
NA,NA,"HARBOR CITY","HARBOR CITY, CA"
NA,NA,"PLACERVILLE","PLACERVILLE, CA"
NA,NA,"DENAIR","DENAIR, CA"
NA,NA,"VACAVILLE","VACAVILLE, CA"
NA,NA,"SAUSALITO","SAUSALITO, CA"
NA,NA,"VINA","VINA, CA"
NA,NA,"BONSALL","BONSALL, CA"
NA,NA,"GRANADA HILLS","GRANADA HILLS, CA"
NA,NA,"LA JOLLA","LA JOLLA, CA"
NA,NA,"RANCHO SANTA FE","RANCHO SANTA FE, CA"
NA,NA,"AVILA BEACH","AVILA BEACH, CA"
NA,NA,"LAKE FOREST","LAKE FOREST, CA"
NA,NA,"VALLEY GLEN","VALLEY GLEN, CA"
NA,NA,"WALNUT GROVE","WALNUT GROVE, CA"
NA,NA,"LAKESIDE","LAKESIDE, CA"
NA,NA,"PITTSBURG","PITTSBURG, CA"
NA,NA,"SAN RAMON","SAN RAMON, CA"
NA,NA,"YUBA CITY","YUBA CITY, CA"
NA,NA,"LANCASTER","LANCASTER, CA"
NA,NA,"NORTHRIDGE","NORTHRIDGE, CA"
NA,NA,"HESPERIA","HESPERIA, CA"
NA,NA,"GASQUET","GASQUET, CA"
NA,NA,"CATHEDRAL CITY","CATHEDRAL CITY, CA"
NA,NA,"DESERT HOT SPRINGS","DESERT HOT SPRINGS, CA"
NA,NA,"CRESTLINE","CRESTLINE, CA"
NA,NA,"OAK PARK","OAK PARK, CA"
NA,NA,"LE GRAND","LE GRAND, CA"
NA,NA,"TORRANCE","TORRANCE, CA"
NA,NA,"MONARCH BEACH","MONARCH BEACH, CA"
NA,NA,"BLOOMINGTON","BLOOMINGTON, CA"
NA,NA,"SANTA CLARA","SANTA CLARA, CA"
NA,NA,"MAYWOOD","MAYWOOD, CA"
NA,NA,"LOS ALAMITOS","LOS ALAMITOS, CA"
NA,NA,"SAN BRUNO","SAN BRUNO, CA"
NA,NA,"PALO CEDRO","PALO CEDRO, CA"
NA,NA,"STANFORD","STANFORD, CA"
NA,NA,"MADERA","MADERA, CA"
NA,NA,"MENLO PARK","MENLO PARK, CA"
NA,NA,"CHINO","CHINO, CA"
NA,NA,"RANCHO CUCAMONGA","RANCHO CUCAMONGA, CA"
NA,NA,"COSTA MESA","COSTA MESA, CA"
NA,NA,"MERCED","MERCED, CA"
NA,NA,"PLACENTIA","PLACENTIA, CA"
NA,NA,"COVINA","COVINA, CA"
NA,NA,"PETALUMA","PETALUMA, CA"
NA,NA,"ANTIOCH","ANTIOCH, CA"
NA,NA,"LOCKEFORD","LOCKEFORD, CA"
NA,NA,"LAGUNA BEACH","LAGUNA BEACH, CA"
NA,NA,"VALLEY CENTER","VALLEY CENTER, CA"
NA,NA,"MISSION HILLS","MISSION HILLS, CA"
NA,NA,"NEWBURYPORT PARK","NEWBURYPORT PARK, CA"
NA,NA,"CUPERTINO","CUPERTINO, CA"
NA,NA,"PERRIS","PERRIS, CA"
NA,NA,"TRABUCO CANYON","TRABUCO CANYON, CA"
NA,NA,"FOLSOM","FOLSOM, CA"
NA,NA,"LINCOLN","LINCOLN, CA"
NA,NA,"WESTCHESTER","WESTCHESTER, CA"
NA,NA,"LA MIRADA","LA MIRADA, CA"
NA,NA,"HERCULES","HERCULES, CA"
NA,NA,"SLOUGHHOUSE","SLOUGHHOUSE, CA"
NA,NA,"ATHERTON","ATHERTON, CA"
NA,NA,"SANTA ROSA VALLEY","SANTA ROSA VALLEY, CA"
NA,NA,"LAGUNA WOODS","LAGUNA WOODS, CA"
NA,NA,"FREMONT","FREMONT, CA"
NA,NA,"PIEDMONT","PIEDMONT, CA"
NA,NA,"PALMDALE","PALMDALE, CA"
NA,NA,"LAKE ELSINORE","LAKE ELSINORE, CA"
NA,NA,"RESTON","RESTON, CA"
NA,NA,"EUREKA","EUREKA, CA"
NA,NA,"STANTON","STANTON, CA"
NA,NA,"WOODBRIDGE","WOODBRIDGE, CA"
NA,NA,"GLENNVILLE","GLENNVILLE, CA"
NA,NA,"CLOVIS","CLOVIS, CA"
NA,NA,"FRIANT","FRIANT, CA"
NA,NA,"VALLEY VILLAGE","VALLEY VILLAGE, CA"
NA,NA,"FIDDLETOWN","FIDDLETOWN, CA"
NA,NA,"PLEASANT GROVE","PLEASANT GROVE, CA"
NA,NA,"ANAHEIM HILLS","ANAHEIM HILLS, CA"
NA,NA,"VISTA","VISTA, CA"
NA,NA,"CONCORD","CONCORD, CA"
NA,NA,"SAN CLEMENTNE","SAN CLEMENTNE, CA"
NA,NA,"NEEDLES","NEEDLES, CA"
NA,NA,"DISCOVERY BAY","DISCOVERY BAY, CA"
NA,NA,"YUCCA VALLEY","YUCCA VALLEY, CA"
NA,NA,"ROBBERY PARK","ROBBERY PARK, CA"
NA,NA,"RSM","RSM, CA"
NA,NA,"CANYON LAKE","CANYON LAKE, CA"
NA,NA,"PARADISE","PARADISE, CA"
NA,NA,"CARPINTERIA","CARPINTERIA, CA"
NA,NA,"THOUSAND OAKS","THOUSAND OAKS, CA"
NA,NA,"TAFT","TAFT, CA"
NA,NA,"GRAND TERRACE","GRAND TERRACE, CA"
NA,NA,"LA PALMA","LA PALMA, CA"
NA,NA,"ROSEMEAD","ROSEMEAD, CA"
NA,NA,"SAN JACINTO","SAN JACINTO, CA"
NA,NA,"SEAL BEACH","SEAL BEACH, CA"
NA,NA,"BELMONT","BELMONT, CA"
NA,NA,"FORT JONES","FORT JONES, CA"
NA,NA,"WINDSOR","WINDSOR, CA"
NA,NA,"CUPERTIMO","CUPERTIMO, CA"
NA,NA,"CYPRESS","CYPRESS, CA"
NA,NA,"WATERFORD","WATERFORD, CA"
NA,NA,"FAWNSKIN","FAWNSKIN, CA"
NA,NA,"HEALDSBURG","HEALDSBURG, CA"
NA,NA,"SANTEE","SANTEE, CA"
NA,NA,"MANTECA","MANTECA, CA"
NA,NA,"BURLINGAME","BURLINGAME, CA"
NA,NA,"COLMA","COLMA, CA"
NA,NA,"RAMONA","RAMONA, CA"
NA,NA,"DIAMOND BAR","DIAMOND BAR, CA"
NA,NA,"WOODLAND HILLS","WOODLAND HILLS, CA"
NA,NA,"GOLETA","GOLETA, CA"
NA,NA,"ATASCADERO","ATASCADERO, CA"
NA,NA,"SOLVANG","SOLVANG, CA"
NA,NA,"LOVKEFORD","LOVKEFORD, CA"
NA,NA,"HACIENDA HEIGHTS","HACIENDA HEIGHTS, CA"
NA,NA,"ANDERSON","ANDERSON, CA"
NA,NA,"DUBLIN","DUBLIN, CA"
NA,NA,"SONORA","SONORA, CA"
NA,NA,"TIBURON","TIBURON, CA"
NA,NA,"WOODSIDE","WOODSIDE, CA"
NA,NA,"RIVERDALE","RIVERDALE, CA"
NA,NA,"CAPISTRANO BEACH","CAPISTRANO BEACH, CA"
NA,NA,"LOS MOLINOS","LOS MOLINOS, CA"
NA,NA,"WALNUT","WALNUT, CA"
NA,NA,"KENWOOD","KENWOOD, CA"
NA,NA,"RED BLUFF","RED BLUFF, CA"
NA,NA,"ATWATER","ATWATER, CA"
NA,NA,"FORTUNA","FORTUNA, CA"
NA,NA,"BERKELEY","BERKELEY, CA"
NA,NA,"DESCANSO","DESCANSO, CA"
NA,NA,"SAN FRNACISCO","SAN FRNACISCO, CA"
NA,NA,"BISHOP","BISHOP, CA"
NA,NA,"CAPITOLA","CAPITOLA, CA"
NA,NA,"MOORPARK","MOORPARK, CA"
NA,NA,"DUNSMUIR","DUNSMUIR, CA"
NA,NA,"FRENCH CAMP","FRENCH CAMP, CA"
NA,NA,"SOLANA BEACH","SOLANA BEACH, CA"
NA,NA,"CERRITOS","CERRITOS, CA"
NA,NA,"EL SOBRANTE","EL SOBRANTE, CA"
NA,NA,"TRUCKEE","TRUCKEE, CA"
NA,NA,"LOS ALTOS","LOS ALTOS, CA"
NA,NA,"LOS ALAMITOD","LOS ALAMITOD, CA"
NA,NA,"CITRUS HEIGHTS","CITRUS HEIGHTS, CA"
NA,NA,"HOLTVILLE","HOLTVILLE, CA"
NA,NA,"HIDDEN HILLS","HIDDEN HILLS, CA"
NA,NA,"DEL REY","DEL REY, CA"
NA,NA,"SAN DIMAS","SAN DIMAS, CA"
NA,NA,"WINCHESTER","WINCHESTER, CA"
NA,NA,"MONTEREY PARK","MONTEREY PARK, CA"
NA,NA,"FAIRFIELD","FAIRFIELD, CA"
NA,NA,"PARAMOUNT","PARAMOUNT, CA"
NA,NA,"NEWPORT BEACHG","NEWPORT BEACHG, CA"
NA,NA,"BEVERLY","BEVERLY, CA"
NA,NA,"DOS PALOS","DOS PALOS, CA"
NA,NA,"CAMERON PARK","CAMERON PARK, CA"
NA,NA,"DINUBA","DINUBA, CA"
NA,NA,"MENLO PARIK","MENLO PARIK, CA"
NA,NA,"MONROVIA","MONROVIA, CA"
NA,NA,"SANGER","SANGER, CA"
NA,NA,"SAN CARLOS","SAN CARLOS, CA"
NA,NA,"HILLSBOROUGH","HILLSBOROUGH, CA"
NA,NA,"PIONEER","PIONEER, CA"
NA,NA,"WATSONVILLE","WATSONVILLE, CA"
NA,NA,"MILLVILLE","MILLVILLE, CA"
NA,NA,"ALHAMBRA","ALHAMBRA, CA"
NA,NA,"PACIFICA","PACIFICA, CA"
NA,NA,"QUARTZ HILL","QUARTZ HILL, CA"
NA,NA,"SAN PEDRO","SAN PEDRO, CA"
NA,NA,"MARINA DEL REY","MARINA DEL REY, CA"
NA,NA,"YORBA LINDS","YORBA LINDS, CA"
NA,NA,"LA PUENTE","LA PUENTE, CA"
NA,NA,"ALBANY","ALBANY, CA"
NA,NA,"LAFAYETTE","LAFAYETTE, CA"
NA,NA,"GILLETTE","GILLETTE, CA"
NA,NA,"MARYSVILLE","MARYSVILLE, CA"
NA,NA,"LA QUINTTA","LA QUINTTA, CA"
NA,NA,"WILLOWS","WILLOWS, CA"
NA,NA,"MT SHASTA","MT SHASTA, CA"
NA,NA,"PEBBLE BEACH","PEBBLE BEACH, CA"
NA,NA,"CANOGA PARK","CANOGA PARK, CA"
NA,NA,"SONOMA","SONOMA, CA"
NA,NA,"ENCINO","ENCINO, CA"
NA,NA,"SAN RAFAEL","SAN RAFAEL, CA"
NA,NA,"DUARTE","DUARTE, CA"
NA,NA,"MOJAVE","MOJAVE, CA"
NA,NA,"SANTA FE SPRINGS","SANTA FE SPRINGS, CA"
NA,NA,"JOHNSON VALLEY","JOHNSON VALLEY, CA"
NA,NA,"PINE GROVE","PINE GROVE, CA"
NA,NA,"WEST SACRAMENTO","WEST SACRAMENTO, CA"
NA,NA,"SANTA MARGARITA","SANTA MARGARITA, CA"
NA,NA,"HILMAR","HILMAR, CA"
NA,NA,"SCOTTS VALLEY","SCOTTS VALLEY, CA"
NA,NA,"MORRO BAYRO BAY","MORRO BAYRO BAY, CA"
NA,NA,"CALABASAS","CALABASAS, CA"
NA,NA,"PORTOLA VALLEY","PORTOLA VALLEY, CA"
NA,NA,"ARCATA","ARCATA, CA"
NA,NA,"FREEDOM","FREEDOM, CA"
NA,NA,"HAYWARD","HAYWARD, CA"
NA,NA,"COROND DEL MAR","COROND DEL MAR, CA"
NA,NA,"GREENVIEW","GREENVIEW, CA"
NA,NA,"COARSEGOLD","COARSEGOLD, CA"
NA,NA,"SAN ANDREAS","SAN ANDREAS, CA"
NA,NA,"ROLLING HILLS ESTATES","ROLLING HILLS ESTATES, CA"
NA,NA,"TEMPLETON","TEMPLETON, CA"
NA,NA,"KNEELAND","KNEELAND, CA"
NA,NA,"AZUSA","AZUSA, CA"
NA,NA,"VALLEY SPRINGS","VALLEY SPRINGS, CA"
NA,NA,"NEWARK","NEWARK, CA"
NA,NA,"RSF","RSF, CA"
NA,NA,"EXETER","EXETER, CA"
NA,NA,"ANGELS CAMP","ANGELS CAMP, CA"
NA,NA,"CHICO","CHICO, CA"
NA,NA,"OAKHURST","OAKHURST, CA"
NA,NA,"LOMPOC","LOMPOC, CA"
NA,NA,"MURRIETS","MURRIETS, CA"
NA,NA,"NEVADA CITY","NEVADA CITY, CA"
NA,NA,"NEWMN","NEWMN, CA"
NA,NA,"WILLITS","WILLITS, CA"
NA,NA,"MONTE RIO","MONTE RIO, CA"
NA,NA,"RIPON","RIPON, CA"
NA,NA,"MOSS LANDING","MOSS LANDING, CA"
NA,NA,"AGOURA HILLS","AGOURA HILLS, CA"
NA,NA,"VILLA PARK","VILLA PARK, CA"
NA,NA,"CLAYTON","CLAYTON, CA"
NA,NA,"CASTROVILLE","CASTROVILLE, CA"
NA,NA,"NORWALK","NORWALK, CA"
NA,NA,"PORTOLA","PORTOLA, CA"
NA,NA,"BERMUDA DUNES","BERMUDA DUNES, CA"
NA,NA,"BALBOA ISLAND","BALBOA ISLAND, CA"
NA,NA,"SANTA YNEZ","SANTA YNEZ, CA"
NA,NA,"RIO DELL","RIO DELL, CA"
NA,NA,"WINNETKA","WINNETKA, CA"
NA,NA,"HAYFORK","HAYFORK, CA"
NA,NA,"HALF MOON BAY","HALF MOON BAY, CA"
NA,NA,"SOUTH GATE","SOUTH GATE, CA"
NA,NA,"RESEDA","RESEDA, CA"
NA,NA,"SHASTA LAKE","SHASTA LAKE, CA"
NA,NA,"NORCO","NORCO, CA"
NA,NA,"RANCHO CORD A","RANCHO CORD A, CA"
NA,NA,"BRAWLEY","BRAWLEY, CA"
NA,NA,"KENTFIELD","KENTFIELD, CA"
NA,NA,"BEAR VALLEY","BEAR VALLEY, CA"
NA,NA,"WOODLAND","WOODLAND, CA"
NA,NA,"MORRO BAY","MORRO BAY, CA"
NA,NA,"RANCHO SANTA MARGARITA","RANCHO SANTA MARGARITA, CA"
NA,NA,"BREA","BREA, CA"
NA,NA,"PIXLEY","PIXLEY, CA"
NA,NA,"DEL MAR","DEL MAR, CA"
NA,NA,"EL MACERO","EL MACERO, CA"
NA,NA,"MADERA,","MADERA,, CA"
NA,NA,"N HOLLYWOOD","N HOLLYWOOD, CA"
NA,NA,"LOS OSOS","LOS OSOS, CA"
NA,NA,"ROLLING HILLS","ROLLING HILLS, CA"
NA,NA,"CARMEL  CA","CARMEL  CA, CA"
NA,NA,"IONE","IONE, CA"
NA,NA,"LOS BANOS","LOS BANOS, CA"
NA,NA,"DORRIS","DORRIS, CA"
NA,NA,"ROHNERT PARK","ROHNERT PARK, CA"
NA,NA,"WHITMORE","WHITMORE, CA"
NA,NA,"CAYUCOS","CAYUCOS, CA"
NA,NA,"DURHAM","DURHAM, CA"
NA,NA,"WRIGHTWOOD","WRIGHTWOOD, CA"
NA,NA,"SAN MARINO","SAN MARINO, CA"
NA,NA,"SAN LORENZO","SAN LORENZO, CA"
NA,NA,"MCKINLEYVILLE","MCKINLEYVILLE, CA"
NA,NA,"KINGSBURG","KINGSBURG, CA"
NA,NA,"COVELO","COVELO, CA"
NA,NA,"HOMELAND","HOMELAND, CA"
NA,NA,"OJAI","OJAI, CA"
NA,NA,"SHAFTER","SHAFTER, CA"
NA,NA,"PATTERSON","PATTERSON, CA"
NA,NA,"FPO  AP","FPO  AP, CA"
NA,NA,"HERMOSA BEACH","HERMOSA BEACH, CA"
NA,NA,"PACIFIC BEACH","PACIFIC BEACH, CA"
NA,NA,"GRIDLEY","GRIDLEY, CA"
NA,NA,"PLESANT HILL","PLESANT HILL, CA"
NA,NA,"RIO VISTA","RIO VISTA, CA"
NA,NA,"NORTH HIGHLANDS","NORTH HIGHLANDS, CA"
NA,NA,"WILLIAMS","WILLIAMS, CA"
NA,NA,"FOOTHILL RANCH","FOOTHILL RANCH, CA"
NA,NA,"PISMO BEACH","PISMO BEACH, CA"
NA,NA,"LOMA LINDA","LOMA LINDA, CA"
NA,NA,"CRESTON","CRESTON, CA"
NA,NA,"RANCHO MURIETA","RANCHO MURIETA, CA"
NA,NA,"TRAIN HARTE","TRAIN HARTE, CA"
NA,NA,"LA CANADA","LA CANADA, CA"
NA,NA,"LA CANADA FLT","LA CANADA FLT, CA"
NA,NA,"EL DORADO","EL DORADO, CA"
NA,NA,"EL CENTRO","EL CENTRO, CA"
NA,NA,"GARDEN GROVE","GARDEN GROVE, CA"
NA,NA,"STEVENSON RANCH","STEVENSON RANCH, CA"
NA,NA,"LAMIRADA","LAMIRADA, CA"
NA,NA,"BAY POINT","BAY POINT, CA"
NA,NA,"TEHACHAPI","TEHACHAPI, CA"
NA,NA,"VERNON","VERNON, CA"
NA,NA,"SAN MIGUEL","SAN MIGUEL, CA"
NA,NA,"GRASS VALLEY","GRASS VALLEY, CA"
NA,NA,"POLLOCK PINES","POLLOCK PINES, CA"
NA,NA,"HERRIMAN","HERRIMAN, CA"
NA,NA,"MIRA LOMA","MIRA LOMA, CA"
NA,NA,"RIO LINDA","RIO LINDA, CA"
NA,NA,"YUBA","YUBA, CA"
NA,NA,"JAMESTOWN","JAMESTOWN, CA"
NA,NA,"NORTH HILLS","NORTH HILLS, CA"
NA,NA,"MARIPOSA","MARIPOSA, CA"
NA,NA,"RIALTO","RIALTO, CA"
NA,NA,"ALTA LOMA","ALTA LOMA, CA"
NA,NA,"BORREGO SPRINGS","BORREGO SPRINGS, CA"
NA,NA,"CRESCENT MILLS","CRESCENT MILLS, CA"
NA,NA,"CARDIFF BY THE SEA","CARDIFF BY THE SEA, CA"
NA,NA,"LA HABRA HEIGHTS","LA HABRA HEIGHTS, CA"
NA,NA,"HAT CREEK","HAT CREEK, CA"
NA,NA,"APO","APO, CA"
NA,NA,"TRUCLEE","TRUCLEE, CA"
NA,NA,"MAMMOTH LAKES","MAMMOTH LAKES, CA"
NA,NA,"GALT","GALT, CA"
NA,NA,"DIXON","DIXON, CA"
NA,NA,"AUBERRY","AUBERRY, CA"
NA,NA,"CAPISTRANO BEACH,","CAPISTRANO BEACH,, CA"
NA,NA,"FOSTER CITY","FOSTER CITY, CA"
NA,NA,"JAMUL","JAMUL, CA"
NA,NA,"OAKDALE","OAKDALE, CA"
NA,NA,"JOHANNESBURG","JOHANNESBURG, CA"
NA,NA,"LARKSPUR","LARKSPUR, CA"
NA,NA,"IMPERIAL","IMPERIAL, CA"
NA,NA,"PORTERVILLE","PORTERVILLE, CA"
NA,NA,"TRABUCO","TRABUCO, CA"
NA,NA,"ETNA","ETNA, CA"
NA,NA,"CORNING","CORNING, CA"
NA,NA,"COMPTON","COMPTON, CA"
NA,NA,"ALTA","ALTA, CA"
NA,NA,"SMITH RIVER","SMITH RIVER, CA"
NA,NA,"NEW PORT BEACH","NEW PORT BEACH, CA"
NA,NA,"YUBA CITY.","YUBA CITY., CA"
NA,NA,"STRAWBERRY","STRAWBERRY, CA"
NA,NA,"PLAYA VISTA","PLAYA VISTA, CA"
NA,NA,"MOUNT AUKUM","MOUNT AUKUM, CA"
NA,NA,"BELVEDERE","BELVEDERE, CA"
NA,NA,"PANORAMA CITY","PANORAMA CITY, CA"
NA,NA,"BROWNSVILLE","BROWNSVILLE, CA"
NA,NA,"PALOS VERDES PMSL","PALOS VERDES PMSL, CA"
NA,NA,"IMPERIAL BEACH","IMPERIAL BEACH, CA"
NA,NA,"CARMEL VALLEY","CARMEL VALLEY, CA"
NA,NA,"BENLOMOND","BENLOMOND, CA"
NA,NA,"SUTTER","SUTTER, CA"
NA,NA,"MARTINEZ","MARTINEZ, CA"
NA,NA,"TRANQUILLITY","TRANQUILLITY, CA"
NA,NA,"LAKE ISABELLA","LAKE ISABELLA, CA"
NA,NA,"SUNSET BEACH","SUNSET BEACH, CA"
NA,NA,"GRAEAGLE","GRAEAGLE, CA"
NA,NA,"LA QUINTQ","LA QUINTQ, CA"
NA,NA,"CARSON","CARSON, CA"
NA,NA,"MI WUK VILLAGE","MI WUK VILLAGE, CA"
NA,NA,"APPLE BALLEY","APPLE BALLEY, CA"
NA,NA,"SANTA ROSS","SANTA ROSS, CA"
NA,NA,"PINOLE","PINOLE, CA"
NA,NA,"SOUTH EL MONTE","SOUTH EL MONTE, CA"
NA,NA,"BRISBANE","BRISBANE, CA"
NA,NA,"SOQUEL","SOQUEL, CA"
NA,NA,"CALISTOGA","CALISTOGA, CA"
NA,NA,"BAKERSFIEKD","BAKERSFIEKD, CA"
NA,NA,"CORTE MADERA","CORTE MADERA, CA"
NA,NA,"GLEN ELLEN","GLEN ELLEN, CA"
NA,NA,"PACOIMA","PACOIMA, CA"
NA,NA,"SUNNY ISLES BEACH","SUNNY ISLES BEACH, CA"
NA,NA,"ARBUCKLE","ARBUCKLE, CA"
NA,NA,"MAXWELL","MAXWELL, CA"
NA,NA,"LONG BRACH","LONG BRACH, CA"
NA,NA,"NEWCASTLE","NEWCASTLE, CA"
NA,NA,"CORONA DEL MAT","CORONA DEL MAT, CA"
NA,NA,"LOS ALTOS HILLS","LOS ALTOS HILLS, CA"
NA,NA,"SOUTH SAN FRANCISCO","SOUTH SAN FRANCISCO, CA"
NA,NA,"SAN PABLO","SAN PABLO, CA"
NA,NA,"MONTAGUE","MONTAGUE, CA"
NA,NA,"VENICE","VENICE, CA"
NA,NA,"LINDEN","LINDEN, CA"
NA,NA,"CORRAL DE TIERRA","CORRAL DE TIERRA, CA"
NA,NA,"CAMPO","CAMPO, CA"
NA,NA,"SANTA PAULA","SANTA PAULA, CA"
NA,NA,"LA SELVA BEACH","LA SELVA BEACH, CA"
NA,NA,"EMERYVILLE","EMERYVILLE, CA"
NA,NA,"STOCKTON CA","STOCKTON CA, CA"
NA,NA,"PALOMAR PARK","PALOMAR PARK, CA"
NA,NA,"SAN FRANCISCOCA","SAN FRANCISCOCA, CA"
NA,NA,"AGOURA","AGOURA, CA"
NA,NA,"MEADOW VISTA","MEADOW VISTA, CA"
NA,NA,"MONTECITO","MONTECITO, CA"
NA,NA,"CORCORAN","CORCORAN, CA"
NA,NA,"JOSHUA TREE","JOSHUA TREE, CA"
NA,NA,"LOOMIS","LOOMIS, CA"
NA,NA,"SAN QUENTIN","SAN QUENTIN, CA"
NA,NA,"ALPINE","ALPINE, CA"
NA,NA,"GRATON","GRATON, CA"
NA,NA,"LA SELVA VEACH","LA SELVA VEACH, CA"
NA,NA,"BELLFLOWER","BELLFLOWER, CA"
NA,NA,"GOSHEN","GOSHEN, CA"
NA,NA,"BEN LOMOND","BEN LOMOND, CA"
NA,NA,"AGUA DULCE","AGUA DULCE, CA"
NA,NA,"SQUAW VALLEY","SQUAW VALLEY, CA"
NA,NA,"LAKEPORT","LAKEPORT, CA"
NA,NA,"OAK HILLS","OAK HILLS, CA"
NA,NA,"BEAUMONT","BEAUMONT, CA"
NA,NA,"GREENBRAE","GREENBRAE, CA"
NA,NA,"REDWOOD VALLEY","REDWOOD VALLEY, CA"
NA,NA,"SEBASTOPOL","SEBASTOPOL, CA"
NA,NA,"RANCHO BELAGO","RANCHO BELAGO, CA"
NA,NA,"PT. RICHMOND","PT. RICHMOND, CA"
NA,NA,"MOUNTAIN CENTER","MOUNTAIN CENTER, CA"
NA,NA,"TOLUCA LAKE","TOLUCA LAKE, CA"
NA,NA,"MDR","MDR, CA"
NA,NA,"SUN VALLEY","SUN VALLEY, CA"
NA,NA,"CAMINO","CAMINO, CA"
NA,NA,"SAN JUAN BAUTISTA","SAN JUAN BAUTISTA, CA"
NA,NA,"DOVE CANYON","DOVE CANYON, CA"
NA,NA,"SUITE 110","SUITE 110, CA"
NA,NA,"CALEXICO","CALEXICO, CA"
NA,NA,"MOUNT HERMON","MOUNT HERMON, CA"
NA,NA,"SIERRA MADRE","SIERRA MADRE, CA"
NA,NA,"DIAMOND SPRINGS","DIAMOND SPRINGS, CA"
NA,NA,"PINON HILLS","PINON HILLS, CA"
NA,NA,"BLAIRSDEN","BLAIRSDEN, CA"
NA,NA,"LATON","LATON, CA"
NA,NA,"COALINGA","COALINGA, CA"
NA,NA,"BELVEDERE TIBURON","BELVEDERE TIBURON, CA"
NA,NA,"THREE RIVERS","THREE RIVERS, CA"
NA,NA,"MORONGO VALLEY","MORONGO VALLEY, CA"
NA,NA,"SELMA","SELMA, CA"
NA,NA,"LAKEWOOD CITY","LAKEWOOD CITY, CA"
NA,NA,"RANCHO SANTA MARG","RANCHO SANTA MARG, CA"
NA,NA,"MATHER","MATHER, CA"
NA,NA,"HOPLAND","HOPLAND, CA"
NA,NA,"BENICIA","BENICIA, CA"
NA,NA,"JULIAN","JULIAN, CA"
NA,NA,"HOLLYWOOD","HOLLYWOOD, CA"
NA,NA,"PENRYN","PENRYN, CA"
NA,NA,"INYOKERN","INYOKERN, CA"
NA,NA,"PALOS VERDES PENINSULA","PALOS VERDES PENINSULA, CA"
NA,NA,"FORBESTOWN","FORBESTOWN, CA"
NA,NA,"HIGHLAND ST","HIGHLAND ST, CA"
NA,NA,"SUSANVILLE","SUSANVILLE, CA"
NA,NA,"DIABLO","DIABLO, CA"
NA,NA,"PHELAN","PHELAN, CA"
NA,NA,"FILLMORE","FILLMORE, CA"
NA,NA,"COLUSA","COLUSA, CA"
NA,NA,"HELENDALE","HELENDALE, CA"
NA,NA,"KELSEYVILLE","KELSEYVILLE, CA"
NA,NA,"MOUNTAIN RANCH","MOUNTAIN RANCH, CA"
NA,NA,"SURFSIDE","SURFSIDE, CA"
NA,NA,"EL GRANADA","EL GRANADA, CA"
NA,NA,"NORTH FORK","NORTH FORK, CA"
NA,NA,"MINERAL","MINERAL, CA"
NA,NA,"SHINGLE SPGS","SHINGLE SPGS, CA"
NA,NA,"LAWNDALE","LAWNDALE, CA"
NA,NA,"PRINCETON","PRINCETON, CA"
NA,NA,"WILMINGTON","WILMINGTON, CA"
NA,NA,"LAHABRA","LAHABRA, CA"
NA,NA,"WOFFORD HEIGHTS","WOFFORD HEIGHTS, CA"
NA,NA,"SALNOMA","SALNOMA, CA"
NA,NA,"LEMON GROVE","LEMON GROVE, CA"
NA,NA,"OAK VIEW","OAK VIEW, CA"
NA,NA,"MARINA","MARINA, CA"
NA,NA,"ELVERTA","ELVERTA, CA"
NA,NA,"MONTEBELLO","MONTEBELLO, CA"
NA,NA,"LUCERNE VALLEY","LUCERNE VALLEY, CA"
NA,NA,"LAKE VIEW TERRACE","LAKE VIEW TERRACE, CA"
NA,NA,"S.D.","S.D., CA"
NA,NA,"FORESTVILLE","FORESTVILLE, CA"
NA,NA,"COPPEROPOLIS","COPPEROPOLIS, CA"
NA,NA,"SHINGLETOWN","SHINGLETOWN, CA"
NA,NA,"JACKSON","JACKSON, CA"
NA,NA,"EL DORADO HLS","EL DORADO HLS, CA"
NA,NA,"COMMERCE","COMMERCE, CA"
NA,NA,"MOMMOTH LAKES","MOMMOTH LAKES, CA"
NA,NA,"EL MONTE","EL MONTE, CA"
NA,NA,"CHERRY VALLEY","CHERRY VALLEY, CA"
NA,NA,"REEDLEY","REEDLEY, CA"
NA,NA,"CORONA DL MAR","CORONA DL MAR, CA"
NA,NA,"LOMITA","LOMITA, CA"
NA,NA,"WEST POINT","WEST POINT, CA"
NA,NA,"CAMP NELSON","CAMP NELSON, CA"
NA,NA,"HINKLEY","HINKLEY, CA"
NA,NA,"ADELANTO","ADELANTO, CA"
NA,NA,"RODEO","RODEO, CA"
NA,NA,"MCARTHUR","MCARTHUR, CA"
NA,NA,"LACRESCENTA","LACRESCENTA, CA"
NA,NA,"YETTEM","YETTEM, CA"
NA,NA,"LA CRESCENTA","LA CRESCENTA, CA"
NA,NA,"ROUGH AND READY","ROUGH AND READY, CA"
NA,NA,"DULZURA","DULZURA, CA"
NA,NA,"COBB","COBB, CA"
NA,NA,"LYTLE CREEK","LYTLE CREEK, CA"
NA,NA,"INDIO,","INDIO,, CA"
NA,NA,"YREKA","YREKA, CA"
NA,NA,"VALLECITO","VALLECITO, CA"
NA,NA,"LEWISTON","LEWISTON, CA"
NA,NA,"BASS LAKE","BASS LAKE, CA"
NA,NA,"LAVERNE","LAVERNE, CA"
NA,NA,"SAN JUAN CAPO","SAN JUAN CAPO, CA"
NA,NA,"LIVE OAK","LIVE OAK, CA"
NA,NA,"FRAZIER PARK","FRAZIER PARK, CA"
NA,NA,"RIVER PINES","RIVER PINES, CA"
NA,NA,"ROWLAND HEIGHTS","ROWLAND HEIGHTS, CA"
NA,NA,"BUELLTON","BUELLTON, CA"
NA,NA,"COLTON","COLTON, CA"
NA,NA,"SIGNAL HILL","SIGNAL HILL, CA"
NA,NA,"COURTLAND","COURTLAND, CA"
NA,NA,"REDWAY","REDWAY, CA"
NA,NA,"CALIENTE","CALIENTE, CA"
NA,NA,"ORLAND","ORLAND, CA"
NA,NA,"COTATI","COTATI, CA"
NA,NA,"CLEARLAKE","CLEARLAKE, CA"
NA,NA,"STRATHMORE","STRATHMORE, CA"
NA,NA,"PENNGROVE","PENNGROVE, CA"
NA,NA,"WOODLAKE","WOODLAKE, CA"
NA,NA,"BURNEY","BURNEY, CA"
NA,NA,"SOLEDAD","SOLEDAD, CA"
NA,NA,"WEST TOLUCA LAKE","WEST TOLUCA LAKE, CA"
NA,NA,"CARMEL BY THE SEA","CARMEL BY THE SEA, CA"
NA,NA,"GROVER BEACH","GROVER BEACH, CA"
NA,NA,"NUEVO","NUEVO, CA"
NA,NA,"RNCHO MURIETA","RNCHO MURIETA, CA"
NA,NA,"CARDIFF","CARDIFF, CA"
NA,NA,"CHUALAR","CHUALAR, CA"
NA,NA,"SMARTSVILLE","SMARTSVILLE, CA"
NA,NA,"MURPHYS","MURPHYS, CA"
NA,NA,"ARNOLD","ARNOLD, CA"
NA,NA,"MIDWAY CITY","MIDWAY CITY, CA"
NA,NA,"BIG BEAR CITY","BIG BEAR CITY, CA"
NA,NA,"ORO GRANDE","ORO GRANDE, CA"
NA,NA,"KLAMATH RIVER","KLAMATH RIVER, CA"
NA,NA,"MONTE SERENO","MONTE SERENO, CA"
NA,NA,"BROWNS VALLEY","BROWNS VALLEY, CA"
NA,NA,"KELSEY","KELSEY, CA"
NA,NA,"BOULEVARD","BOULEVARD, CA"
NA,NA,"ERVINE","ERVINE, CA"
NA,NA,"DUNLAP","DUNLAP, CA"
NA,NA,"ANGWIN","ANGWIN, CA"
NA,NA,"AROMAS","AROMAS, CA"
NA,NA,"RESCUE","RESCUE, CA"
NA,NA,"MARINA PENINSULA","MARINA PENINSULA, CA"
NA,NA,"OROSI","OROSI, CA"
NA,NA,"D","D, CA"
NA,NA,"CHOWCHILLA","CHOWCHILLA, CA"
NA,NA,"EMERALD HILLS","EMERALD HILLS, CA"
NA,NA,"MENTONE","MENTONE, CA"
NA,NA,"AQUA DULCE","AQUA DULCE, CA"
NA,NA,"S. F.","S. F., CA"
NA,NA,"LOWER LAKE","LOWER LAKE, CA"
NA,NA,"LAS VEGAS","LAS VEGAS, CA"
NA,NA,"COLEVILLE","COLEVILLE, CA"
NA,NA,"SUISUN CITY","SUISUN CITY, CA"
NA,NA,"OCEANO","OCEANO, CA"
NA,NA,"JANESVILLE","JANESVILLE, CA"
NA,NA,"VOLCANO","VOLCANO, CA"
NA,NA,"THOUSAND PALMS","THOUSAND PALMS, CA"
NA,NA,"WESTWOOD","WESTWOOD, CA"
NA,NA,"TULELAKE","TULELAKE, CA"
NA,NA,"AHWAHNEE","AHWAHNEE, CA"
NA,NA,"FORESTHILL","FORESTHILL, CA"
NA,NA,"SOMIS","SOMIS, CA"
NA,NA,"ROSAMOND","ROSAMOND, CA"
NA,NA,"BODFISH","BODFISH, CA"
NA,NA,"HIDDEN VALLEY LAKE","HIDDEN VALLEY LAKE, CA"
NA,NA,"BODEGA","BODEGA, CA"
NA,NA,"POSEY","POSEY, CA"
NA,NA,"ZENIA","ZENIA, CA"
NA,NA,"O'NEALS","O'NEALS, CA"
NA,NA,"VERDUGO CITY","VERDUGO CITY, CA"
NA,NA,"TRINIDAD","TRINIDAD, CA"
NA,NA,"LOA ALTOS","LOA ALTOS, CA"
NA,NA,"ARTESIA","ARTESIA, CA"
NA,NA,"AVALON","AVALON, CA"
NA,NA,"CLOVERDALE","CLOVERDALE, CA"
NA,NA,"LAHONDA","LAHONDA, CA"
NA,NA,"COLFAX","COLFAX, CA"
NA,NA,"LITTLEROCK","LITTLEROCK, CA"
NA,NA,"ROSS","ROSS, CA"
NA,NA,"LAKEHEAD","LAKEHEAD, CA"
NA,NA,"WASCO","WASCO, CA"
NA,NA,"COTTONWOOD","COTTONWOOD, CA"
NA,NA,"TOPANGA","TOPANGA, CA"
NA,NA,"BETHEL ISLAND","BETHEL ISLAND, CA"
NA,NA,"BRADLEY","BRADLEY, CA"
NA,NA,"LAKE SHERWOOD","LAKE SHERWOOD, CA"
NA,NA,"RAYMOND","RAYMOND, CA"
NA,NA,"STRATFORD","STRATFORD, CA"
NA,NA,"BLYTHE","BLYTHE, CA"
NA,NA,"CANBY","CANBY, CA"
NA,NA,"APPLEGATE","APPLEGATE, CA"
NA,NA,"CROCKETT","CROCKETT, CA"
NA,NA,"MILLBRAE","MILLBRAE, CA"
NA,NA,"BIG BAR","BIG BAR, CA"
NA,NA,"TUJUNGA","TUJUNGA, CA"
NA,NA,"LAKE ARROWHEAD","LAKE ARROWHEAD, CA"
NA,NA,"BADGER","BADGER, CA"
NA,NA,"MONTCLAIR","MONTCLAIR, CA"
NA,NA,"LAJOLLA","LAJOLLA, CA"
NA,NA,"ESLENDALE","ESLENDALE, CA"
NA,NA,"GRIZZLY FLATS","GRIZZLY FLATS, CA"
NA,NA,"SNELLING","SNELLING, CA"
NA,NA,"PT RICHMOND","PT RICHMOND, CA"
NA,NA,"ALISO VEIJO","ALISO VEIJO, CA"
NA,NA,"ALTURAS","ALTURAS, CA"
NA,NA,"LAQUINTA","LAQUINTA, CA"
NA,NA,"CDM","CDM, CA"
NA,NA,"PRATHER","PRATHER, CA"
NA,NA,"SUTTER CREEK","SUTTER CREEK, CA"
NA,NA,"WESTLAKE","WESTLAKE, CA"
NA,NA,"ESCOBDIDO","ESCOBDIDO, CA"
NA,NA,"GRENADA","GRENADA, CA"
NA,NA,"HERALD","HERALD, CA"
NA,NA,"WARNER SPRINGS","WARNER SPRINGS, CA"
NA,NA,"ARBOGA","ARBOGA, CA"
NA,NA,"SAN DIEGO,","SAN DIEGO,, CA"
NA,NA,"FULTON","FULTON, CA"
NA,NA,"LAKE BALBOA","LAKE BALBOA, CA"
NA,NA,"SN LUIS OBISP","SN LUIS OBISP, CA"
NA,NA,"WEED","WEED, CA"
NA,NA,"BERRY CREEK","BERRY CREEK, CA"
NA,NA,"NOROC","NOROC, CA"
NA,NA,"RUNNING SPRINGS","RUNNING SPRINGS, CA"
NA,NA,"HOMEWOOD","HOMEWOOD, CA"
NA,NA,"PLUMAS LAKE","PLUMAS LAKE, CA"
NA,NA,"PAUMA VALLEY","PAUMA VALLEY, CA"
NA,NA,"PASSDENA","PASSDENA, CA"
NA,NA,"MOSS BEACH","MOSS BEACH, CA"
NA,NA,"SEIAD VALLEY","SEIAD VALLEY, CA"
NA,NA,"GARDEN VALLEY","GARDEN VALLEY, CA"
NA,NA,"MT. HAMILTON","MT. HAMILTON, CA"
NA,NA,"LACANADA FLINTRIDGE","LACANADA FLINTRIDGE, CA"
NA,NA,"BURNT RANCH","BURNT RANCH, CA"
NA,NA,"CA","CA, CA"
NA,NA,"PAVIA","PAVIA, CA"
NA,NA,"CALIFORNIA 92886","CALIFORNIA 92886, CA"
NA,NA,"MERIDIAN","MERIDIAN, CA"
NA,NA,"MARICOPA","MARICOPA, CA"
NA,NA,"MONTROSE","MONTROSE, CA"
NA,NA,"CAMBRIA","CAMBRIA, CA"
NA,NA,"IMPERIAL BCH","IMPERIAL BCH, CA"
NA,NA,"RICHMOND","RICHMOND, CA"
NA,NA,"WINTERS","WINTERS, CA"
NA,NA,"CASSEL","CASSEL, CA"
NA,NA,"WHITETHORN","WHITETHORN, CA"
NA,NA,"GARBERVILLE","GARBERVILLE, CA"
NA,NA,"BOULDER CREEK","BOULDER CREEK, CA"
NA,NA,"SULAND","SULAND, CA"
NA,NA,"CORONA DEAL MAR","CORONA DEAL MAR, CA"
NA,NA,"SN BERNRDNO","SN BERNRDNO, CA"
NA,NA,"RANCHO MISSION VIEJO","RANCHO MISSION VIEJO, CA"
NA,NA,"RANCHO SANTE FE","RANCHO SANTE FE, CA"
NA,NA,"BBL","BBL, CA"
NA,NA,"FARIFIELD","FARIFIELD, CA"
NA,NA,"LACANADA","LACANADA, CA"
NA,NA,"GONZALES","GONZALES, CA"
NA,NA,"COULTERVILLE","COULTERVILLE, CA"
NA,NA,"FOUNTAIN VLY","FOUNTAIN VLY, CA"
NA,NA,"SAUGUS","SAUGUS, CA"
NA,NA,"GOLF RIVER","GOLF RIVER, CA"
NA,NA,"ORANGE COVE","ORANGE COVE, CA"
NA,NA,"SHASTA","SHASTA, CA"
NA,NA,"DOYLE","DOYLE, CA"
NA,NA,"CITY OF INDUSTRY","CITY OF INDUSTRY, CA"
NA,NA,"CITRUS HTS","CITRUS HTS, CA"
NA,NA,"PLAYA DEL REY","PLAYA DEL REY, CA"
NA,NA,"`CARMICHAEL","`CARMICHAEL, CA"
NA,NA,"SILVERADO","SILVERADO, CA"
NA,NA,"ROSEVILE","ROSEVILE, CA"
NA,NA,"UPPER LAKE","UPPER LAKE, CA"
NA,NA,"BRADBURY","BRADBURY, CA"
NA,NA,"CORRALITOS","CORRALITOS, CA"
NA,NA,"EL CERRITO","EL CERRITO, CA"
NA,NA,"BELL GARDENS","BELL GARDENS, CA"
NA,NA,"CEDAR RIDGE","CEDAR RIDGE, CA"
NA,NA,"BUTTONWILLOW","BUTTONWILLOW, CA"
NA,NA,"SHAVER LAKE","SHAVER LAKE, CA"
NA,NA,"TIPTON","TIPTON, CA"
NA,NA,"ARLINGTON","ARLINGTON, CA"
NA,NA,"EL VERANO","EL VERANO, CA"
NA,NA,"HUNTINGTN BCH","HUNTINGTN BCH, CA"
NA,NA,"OLIVEHURST","OLIVEHURST, CA"
NA,NA,"LAYTONVILLE","LAYTONVILLE, CA"
NA,NA,"SANTA YSABEL","SANTA YSABEL, CA"
NA,NA,"BALLICO","BALLICO, CA"
NA,NA,"MAROUBRA","MAROUBRA, CA"
NA,NA,"RIVERBANK","RIVERBANK, CA"
NA,NA,"BUTTE CITY","BUTTE CITY, CA"
NA,NA,"93271THREE RIVERS","93271THREE RIVERS, CA"
NA,NA,"PINEDALE","PINEDALE, CA"
NA,NA,"BLUE JAY","BLUE JAY, CA"
NA,NA,"CARUTHERS","CARUTHERS, CA"
NA,NA,"CATHEYS VALLEY","CATHEYS VALLEY, CA"
NA,NA,"TWENTYNINE PALMS","TWENTYNINE PALMS, CA"
NA,NA,"CEDARVILLE","CEDARVILLE, CA"
NA,NA,"KEENE","KEENE, CA"
NA,NA,"93105","93105, CA"
NA,NA,"WILSEYVILLE","WILSEYVILLE, CA"
NA,NA,"ESPARTO","ESPARTO, CA"
NA,NA,"CLEMENTS","CLEMENTS, CA"
NA,NA,"CHRISTCHURCH","CHRISTCHURCH, CA"
NA,NA,"SULTANA","SULTANA, CA"
NA,NA,"JURUPA VALLEY","JURUPA VALLEY, CA"
NA,NA,"REDONDO","REDONDO, CA"
NA,NA,"SHADOW HILLS","SHADOW HILLS, CA"
NA,NA,"SAN JUAN CPSTRN","SAN JUAN CPSTRN, CA"
NA,NA,"WINTON","WINTON, CA"
NA,NA,"VALLEY","VALLEY, CA"
NA,NA,"MONTARA","MONTARA, CA"
NA,NA,"PORTOLA HILLS","PORTOLA HILLS, CA"
NA,NA,"TALMAGE","TALMAGE, CA"
NA,NA,"SPRINGVILLE","SPRINGVILLE, CA"
NA,NA,"RUTHERFORD","RUTHERFORD, CA"
NA,NA,"PACHECO","PACHECO, CA"
NA,NA,"LAKE HUGHES","LAKE HUGHES, CA"
NA,NA,"LA CANADA FLINTRIDGE","LA CANADA FLINTRIDGE, CA"
NA,NA,"OAKVILLE","OAKVILLE, CA"
NA,NA,"RIVERSDE","RIVERSDE, CA"
NA,NA,"HUNTINGTON BEACJ","HUNTINGTON BEACJ, CA"
NA,NA,"HUNTINGTONBEACH","HUNTINGTONBEACH, CA"
NA,NA,"SAN JUAN CAPISTRANO.","SAN JUAN CAPISTRANO., CA"
NA,NA,"AVENAL","AVENAL, CA"
NA,NA,"PARLIER","PARLIER, CA"
NA,NA,"BYRON","BYRON, CA"
NA,NA,"1000 OAKS","1000 OAKS, CA"
NA,NA,"TEMESCAL VALLEY","TEMESCAL VALLEY, CA"
NA,NA,"LAS ANGELES","LAS ANGELES, CA"
NA,NA,"MARSHALL","MARSHALL, CA"
NA,NA,"SANTA ANA.","SANTA ANA., CA"
NA,NA,"LIKE NG BEACH","LIKE NG BEACH, CA"
NA,NA,"BORON","BORON, CA"
NA,NA,"ORANGE BLOSSOM ROAD","ORANGE BLOSSOM ROAD, CA"
NA,NA,"CARMEL-BY-THE-SEA","CARMEL-BY-THE-SEA, CA"
NA,NA,"MOUNTAIN HOUSE","MOUNTAIN HOUSE, CA"
NA,NA,"EL CENTEO","EL CENTEO, CA"
NA,NA,"IRWINDALE","IRWINDALE, CA"
NA,NA,"CLARKSBURG","CLARKSBURG, CA"
NA,NA,"HILLSBROUGH","HILLSBROUGH, CA"
NA,NA,"LANDERS","LANDERS, CA"
NA,NA,"SAN FRANCSICO","SAN FRANCSICO, CA"
NA,NA,"N/A","N/A, CA"
NA,NA,"ALIO VIEJO","ALIO VIEJO, CA"
NA,NA,"TECOPA","TECOPA, CA"
NA,NA,"N. TUSTIN","N. TUSTIN, CA"
NA,NA,"QUINCY","QUINCY, CA"
NA,NA,"SAN JUAN CAPITRANO","SAN JUAN CAPITRANO, CA"
NA,NA,"RIMFOREST","RIMFOREST, CA"
NA,NA,"NORTH HOLLYWOOD,","NORTH HOLLYWOOD,, CA"
NA,NA,"SAINT HELENA","SAINT HELENA, CA"
NA,NA,"CLIO","CLIO, CA"
NA,NA,".","., CA"
NA,NA,"FAIRFAX","FAIRFAX, CA"
NA,NA,"BELLA VISTA","BELLA VISTA, CA"
NA,NA,"EMERALD LAKE HILLS","EMERALD LAKE HILLS, CA"
NA,NA,"NEEDLES CALIF.","NEEDLES CALIF., CA"
NA,NA,"DELANO","DELANO, CA"
NA,NA,"EASTLAKE","EASTLAKE, CA"
NA,NA,"BEVERLY HILLSBH","BEVERLY HILLSBH, CA"
NA,NA,"PIEDRA","PIEDRA, CA"
NA,NA,"L.A.","L.A., CA"
NA,NA,"FARI OAKS","FARI OAKS, CA"
NA,NA,"LINDSAY","LINDSAY, CA"
NA,NA,"SANTRA CLARA","SANTRA CLARA, CA"
NA,NA,"BALDWIN PARK","BALDWIN PARK, CA"
NA,NA,"STANDARD","STANDARD, CA"
NA,NA,"TWENTYNIN PLM","TWENTYNIN PLM, CA"
NA,NA,"SHERIDAN","SHERIDAN, CA"
NA,NA,"SAN JUSN CAPISTRANO","SAN JUSN CAPISTRANO, CA"
NA,NA,"YANKEE HILL","YANKEE HILL, CA"
NA,NA,"SOULSBYVILLE","SOULSBYVILLE, CA"
NA,NA,"WESTLAKE VLG","WESTLAKE VLG, CA"
NA,NA,"LA HABRA HTS.","LA HABRA HTS., CA"
NA,NA,"HUGHSON","HUGHSON, CA"
NA,NA,"LOS ALAMOS","LOS ALAMOS, CA"
NA,NA,"LAGUNA MIGUEL","LAGUNA MIGUEL, CA"
NA,NA,"RIO OSO","RIO OSO, CA"
NA,NA,"SAN  DIEGO","SAN  DIEGO, CA"
NA,NA,"YOUNTVILLE","YOUNTVILLE, CA"
NA,NA,"THERMAL","THERMAL, CA"
NA,NA,"LLANO","LLANO, CA"
NA,NA,"WARSONVILLE","WARSONVILLE, CA"
NA,NA,"MERCRD","MERCRD, CA"
NA,NA,"SIMI VALLEY, CA","SIMI VALLEY, CA, CA"
NA,NA,"CENTURY CITY","CENTURY CITY, CA"
NA,NA,"DARWIN","DARWIN, CA"
NA,NA,"GUADALUPE","GUADALUPE, CA"
NA,NA,"HAPPY CAMP,","HAPPY CAMP,, CA"
NA,NA,"GREENWOOD","GREENWOOD, CA"
NA,NA,"FARMINGTON","FARMINGTON, CA"
NA,NA,"CLEARLAKE OAKS","CLEARLAKE OAKS, CA"
NA,NA,"HUNTININGTON BEACH","HUNTININGTON BEACH, CA"
NA,NA,"ALBEMARLE","ALBEMARLE, CA"
NA,NA,"AGUANGA","AGUANGA, CA"
NA,NA,"INGLEWOOD","INGLEWOOD, CA"
NA,NA,"CALIFORNIA","CALIFORNIA, CA"
NA,NA,"ISLETON","ISLETON, CA"
NA,NA,"CEDAR GLEN","CEDAR GLEN, CA"
NA,NA,"SAN FRANICISCO","SAN FRANICISCO, CA"
NA,NA,"MOFFETT FIELD","MOFFETT FIELD, CA"
NA,NA,"INCLINE VILLAGE","INCLINE VILLAGE, CA"
NA,NA,"COLOMA","COLOMA, CA"
NA,NA,"AXUSA","AXUSA, CA"
NA,NA,"SO. PASADENA","SO. PASADENA, CA"
NA,NA,"REDWOOD CITRY","REDWOOD CITRY, CA"
NA,NA,"GREENFIELD","GREENFIELD, CA"
NA,NA,"PLS VRDS PNSL","PLS VRDS PNSL, CA"
NA,NA,"SAN DEIGO","SAN DEIGO, CA"
NA,NA,"WISHON","WISHON, CA"
NA,NA,"WALNJUT","WALNJUT, CA"
NA,NA,"ALTAVILLE","ALTAVILLE, CA"
NA,NA,"LOS ANGELSS","LOS ANGELSS, CA"
NA,NA,"LAMESA","LAMESA, CA"
NA,NA,"SKYFOREST","SKYFOREST, CA"
NA,NA,"BENTON","BENTON, CA"
NA,NA,"SAN MARTIN","SAN MARTIN, CA"
NA,NA,"PINE VALLEY","PINE VALLEY, CA"
NA,NA,"FOREST FALLS","FOREST FALLS, CA"
NA,NA,"SOUTH SAN FRANCISCO, CA","SOUTH SAN FRANCISCO, CA, CA"
NA,NA,"MT HAMILTON","MT HAMILTON, CA"
NA,NA,"CATHEDRAL","CATHEDRAL, CA"
NA,NA,"GUERNEVILLE","GUERNEVILLE, CA"
NA,NA,"LUCERNE","LUCERNE, CA"
NA,NA,"COOL","COOL, CA"
NA,NA,"TAYLORSVILLE","TAYLORSVILLE, CA"
NA,NA,"OAQKDALE","OAQKDALE, CA"
NA,NA,"DANVILE","DANVILE, CA"
NA,NA,"SAM DIEGO","SAM DIEGO, CA"
NA,NA,"LOSANGELES","LOSANGELES, CA"
NA,NA,"OCEANSIDE, CALIFORNIA","OCEANSIDE, CALIFORNIA, CA"
NA,NA,"LOTUS","LOTUS, CA"
NA,NA,"ST. HELENA","ST. HELENA, CA"
NA,NA,"NORTHRIDGR","NORTHRIDGR, CA"
NA,NA,"MT. VIEW","MT. VIEW, CA"
NA,NA,"SAN CVLEMENTE","SAN CVLEMENTE, CA"
NA,NA,"BANTA","BANTA, CA"
NA,NA,"TUSTIN RANCH","TUSTIN RANCH, CA"
NA,NA,"CALABSAS","CALABSAS, CA"
NA,NA,"LEONA VALLEY","LEONA VALLEY, CA"
NA,NA,"GEORGETOWN","GEORGETOWN, CA"
NA,NA,"PALA","PALA, CA"
NA,NA,"LOS ALTO","LOS ALTO, CA"
NA,NA,"SIERRR MADRE","SIERRR MADRE, CA"
NA,NA,"MENDOTA","MENDOTA, CA"
NA,NA,"CAQMPBELL","CAQMPBELL, CA"
NA,NA,"DOBBINS","DOBBINS, CA"
NA,NA,"CHINOHILLS","CHINOHILLS, CA"
NA,NA,"VUSTA","VUSTA, CA"
NA,NA,"ANZA","ANZA, CA"
NA,NA,"CHESTER","CHESTER, CA"
NA,NA,"KYBURZ","KYBURZ, CA"
NA,NA,"SOMERSET","SOMERSET, CA"
NA,NA,"GUSTINE","GUSTINE, CA"
NA,NA,"VANNUYS","VANNUYS, CA"
NA,NA,"KINGS BEACH","KINGS BEACH, CA"
NA,NA,"SAN FRSNCISCO","SAN FRSNCISCO, CA"
NA,NA,"SANTA ROSA,","SANTA ROSA,, CA"
NA,NA,"S PASADENA","S PASADENA, CA"
NA,NA,"PLYMOUTH","PLYMOUTH, CA"
NA,NA,"PLEASNTON","PLEASNTON, CA"
NA,NA,"LAGUNA BRACH","LAGUNA BRACH, CA"
NA,NA,"SHERMAN","SHERMAN, CA"
NA,NA,"RICHVALE","RICHVALE, CA"
NA,NA,"ANGELUS OAKS","ANGELUS OAKS, CA"
NA,NA,"GLENDALE,CA","GLENDALE,CA, CA"
NA,NA,"PIONEERTOWN","PIONEERTOWN, CA"
NA,NA,"W. COVINA","W. COVINA, CA"
NA,NA,"SAN SIMEON","SAN SIMEON, CA"
NA,NA,"TWAIN HARTE","TWAIN HARTE, CA"
NA,NA,"POTTER VALLEY","POTTER VALLEY, CA"
NA,NA,"YORBALINDA","YORBALINDA, CA"
NA,NA,"JENNER","JENNER, CA"
NA,NA,"SALIDA","SALIDA, CA"
NA,NA,"CAPAY","CAPAY, CA"
NA,NA,"SUGARLOAF","SUGARLOAF, CA"
NA,NA,"KERNVILLE","KERNVILLE, CA"
NA,NA,"GERBER","GERBER, CA"
NA,NA,"LAPALMA","LAPALMA, CA"
NA,NA,"PRUNEDALE","PRUNEDALE, CA"
NA,NA,"RANCHO SANTS FE","RANCHO SANTS FE, CA"
NA,NA,"WHEATLAND","WHEATLAND, CA"
NA,NA,"CANYON.COUNTRY","CANYON.COUNTRY, CA"
NA,NA,"LIKELY","LIKELY, CA"
NA,NA,"CAMPTONVILLE","CAMPTONVILLE, CA"
NA,NA,"GREENVILLE","GREENVILLE, CA"
NA,NA,"ROWLAND HGTS","ROWLAND HGTS, CA"
NA,NA,"RACKERBY","RACKERBY, CA"
NA,NA,"TWIN PEAKS","TWIN PEAKS, CA"
NA,NA,"PILOT HILL","PILOT HILL, CA"
NA,NA,"LOTON","LOTON, CA"
NA,NA,"HAMILTON CITY","HAMILTON CITY, CA"
NA,NA,"YUCIAPA","YUCIAPA, CA"
NA,NA,"ROBBINS","ROBBINS, CA"
NA,NA,"LADERA ROAD","LADERA ROAD, CA"
NA,NA,"ARLETA","ARLETA, CA"
NA,NA,"CANYON CNTRY","CANYON CNTRY, CA"
NA,NA,"PINE MOUNTAIN CLUB","PINE MOUNTAIN CLUB, CA"
NA,NA,"DEVORE HEIGHTS","DEVORE HEIGHTS, CA"
NA,NA,"BECKWOURTH","BECKWOURTH, CA"
NA,NA,"MOUNT SHASTA","MOUNT SHASTA, CA"
NA,NA,"BORONDEL REY","BORONDEL REY, CA"
NA,NA,"KING CITY","KING CITY, CA"
NA,NA,"DOUGLAS CITY","DOUGLAS CITY, CA"
NA,NA,"LYNWOOD","LYNWOOD, CA"
NA,NA,"PESCADERO","PESCADERO, CA"
NA,NA,"S LAKE TAHOE","S LAKE TAHOE, CA"
NA,NA,"HACIENDA HTS","HACIENDA HTS, CA"
NA,NA,"LONE PINE","LONE PINE, CA"
NA,NA,"LAPUENTE","LAPUENTE, CA"
NA,NA,"LATHROP","LATHROP, CA"
NA,NA,"GLENN","GLENN, CA"
NA,NA,"BAYSIDE","BAYSIDE, CA"
NA,NA,"MOUNTAIN VEIW","MOUNTAIN VEIW, CA"
NA,NA,"RCH PALOS VRD","RCH PALOS VRD, CA"
NA,NA,"RANCHO DOMINGUEZ","RANCHO DOMINGUEZ, CA"
NA,NA,"WOODLAND HLS","WOODLAND HLS, CA"
NA,NA,"MIDWAY","MIDWAY, CA"
NA,NA,"CALIPATRIA","CALIPATRIA, CA"
NA,NA,"VALLEY SPGS","VALLEY SPGS, CA"
NA,NA,"RICHGROVE","RICHGROVE, CA"
NA,NA,"LOS OLIVOS","LOS OLIVOS, CA"
NA,NA,"SIERRA CITY","SIERRA CITY, CA"
NA,NA,"SAM CLEMENTE","SAM CLEMENTE, CA"
NA,NA,"TRES PINOS","TRES PINOS, CA"
NA,NA,"BORREGO SPGS","BORREGO SPGS, CA"
NA,NA,"FRANKLIN","FRANKLIN, CA"
NA,NA,"SANTA CKARITA","SANTA CKARITA, CA"
NA,NA,"WOODACRE","WOODACRE, CA"
NA,NA,"MANTON","MANTON, CA"
NA,NA,"RCHO STA MARG","RCHO STA MARG, CA"
NA,NA,"FLOURNOY","FLOURNOY, CA"
NA,NA,"HAWAIIAN GARDENS","HAWAIIAN GARDENS, CA"
NA,NA,"LA GRANGE","LA GRANGE, CA"
NA,NA,"POINT ARENA","POINT ARENA, CA"
NA,NA,"ST HELENA","ST HELENA, CA"
NA,NA,"MACDOEL","MACDOEL, CA"
NA,NA,"SAN. DIEGO","SAN. DIEGO, CA"
NA,NA,"MARKLEEVILLE","MARKLEEVILLE, CA"
NA,NA,"WOODLAND HILLS,","WOODLAND HILLS,, CA"
NA,NA,"SAN  FRANCISCO","SAN  FRANCISCO, CA"
NA,NA,"CANOLA PARK","CANOLA PARK, CA"
NA,NA,"SACRAMENTI","SACRAMENTI, CA"
NA,NA,"BAKERSDIELD","BAKERSDIELD, CA"
NA,NA,"LO ANGELES","LO ANGELES, CA"
NA,NA,"RANCHO CORDOVA,","RANCHO CORDOVA,, CA"
NA,NA,"MILLBREA","MILLBREA, CA"
NA,NA,"CHICAGO","CHICAGO, CA"
NA,NA,"SEND MARCUS","SEND MARCUS, CA"
NA,NA,"LOS  ANGELES","LOS  ANGELES, CA"
NA,NA,"CUDAHY","CUDAHY, CA"
NA,NA,"AVERY","AVERY, CA"
NA,NA,"INDEPENDENCE","INDEPENDENCE, CA"
NA,NA,"BLAIRSDEN-GRAEAGLE","BLAIRSDEN-GRAEAGLE, CA"
NA,NA,"ONOL","ONOL, CA"
NA,NA,"SHERWOOD FOREST","SHERWOOD FOREST, CA"
NA,NA,"FLINTRIDGE","FLINTRIDGE, CA"
NA,NA,"FOUNTAIN CALLEY","FOUNTAIN CALLEY, CA"
NA,NA,"NEWBERRY SPRINGS","NEWBERRY SPRINGS, CA"
NA,NA,"SIMI VALKEY","SIMI VALKEY, CA"
NA,NA,"BELL","BELL, CA"
NA,NA,"TRINITY CENTER","TRINITY CENTER, CA"
NA,NA,"OCOTILLO","OCOTILLO, CA"
NA,NA,"VILLI PARK","VILLI PARK, CA"
NA,NA,"SAN DIRGO","SAN DIRGO, CA"
NA,NA,"MOUNT LAGUNA","MOUNT LAGUNA, CA"
NA,NA,"NEWMAN","NEWMAN, CA"
NA,NA,"SAN JUAN","SAN JUAN, CA"
NA,NA,"NEWPORT BEACCH","NEWPORT BEACCH, CA"
NA,NA,"SIMI","SIMI, CA"
NA,NA,"ETIWANDA","ETIWANDA, CA"
NA,NA,"RAN HOME CUCAMONGA","RAN HOME CUCAMONGA, CA"
NA,NA,"DEL REY OAKS","DEL REY OAKS, CA"
NA,NA,"SAN YSIDRO","SAN YSIDRO, CA"
NA,NA,"GUALALA","GUALALA, CA"
NA,NA,"SEELEY","SEELEY, CA"
NA,NA,"DSRT HOT SPGS","DSRT HOT SPGS, CA"
NA,NA,"SARAMENTO","SARAMENTO, CA"
NA,NA,"LACANADA FLINT","LACANADA FLINT, CA"
NA,NA,"SEAL BEACH.","SEAL BEACH., CA"
NA,NA,"RANDSBURG","RANDSBURG, CA"
NA,NA,"COROADO","COROADO, CA"
NA,NA,"MILFORD","MILFORD, CA"
NA,NA,"MIDDLETOWN","MIDDLETOWN, CA"
NA,NA,"CHINO, CA.","CHINO, CA., CA"
NA,NA,"FAIR IAKS","FAIR IAKS, CA"
NA,NA,"IVANHOE","IVANHOE, CA"
NA,NA,"SIMI CALLEY","SIMI CALLEY, CA"
NA,NA,"TENACHAPI","TENACHAPI, CA"
NA,NA,"TEHAMA","TEHAMA, CA"
NA,NA,"KAGEL CANYON","KAGEL CANYON, CA"
NA,NA,"NEW YORK","NEW YORK, CA"
NA,NA,"PINECREST","PINECREST, CA"
NA,NA,"EAGLE ROCK","EAGLE ROCK, CA"
NA,NA,"MENDOCINO","MENDOCINO, CA"
NA,NA,"KNIGHTS LANDING","KNIGHTS LANDING, CA"
NA,NA,"OREGON HOUSE","OREGON HOUSE, CA"
NA,NA,"ENCINTAS","ENCINTAS, CA"
NA,NA,"SAN JUAN CAP'O","SAN JUAN CAP'O, CA"
NA,NA,"COHASSET","COHASSET, CA"
NA,NA,"TEMECULS","TEMECULS, CA"
NA,NA,"HUNTINGTON PARK","HUNTINGTON PARK, CA"
NA,NA,"OAK RUN","OAK RUN, CA"
NA,NA,"HARMONY","HARMONY, CA"
NA,NA,"LEBEC","LEBEC, CA"
NA,NA,"GREEN VALLEY","GREEN VALLEY, CA"
NA,NA,"ORCUTT","ORCUTT, CA"
NA,NA,"HUNTINGYON BEACH","HUNTINGYON BEACH, CA"
NA,NA,"TRAVIS AFB","TRAVIS AFB, CA"
NA,NA,"HEMEY","HEMEY, CA"
NA,NA,"STOCTON","STOCTON, CA"
NA,NA,"CROWS LANDING","CROWS LANDING, CA"
NA,NA,"CONWAY","CONWAY, CA"
NA,NA,"LOS ALAMINITOS","LOS ALAMINITOS, CA"
NA,NA,"TEMECUKA","TEMECUKA, CA"
NA,NA,"MILPITAD","MILPITAD, CA"
NA,NA,"ELDORADO HILLS","ELDORADO HILLS, CA"
NA,NA,"SIOUX FALLS","SIOUX FALLS, CA"
NA,NA,"W. SACRAMENTO","W. SACRAMENTO, CA"
NA,NA,"SV","SV, CA"
NA,NA,"SSN DIEGO","SSN DIEGO, CA"
NA,NA,"BIG BEAR  LAKE","BIG BEAR  LAKE, CA"
NA,NA,"PACIFIC PALISADED","PACIFIC PALISADED, CA"
NA,NA,"SUNNNYVALE","SUNNNYVALE, CA"
NA,NA,"BELLGARDENS","BELLGARDENS, CA"
NA,NA,"CITRUS HTS.","CITRUS HTS., CA"
NA,NA,"ROLLING HILLS ESTATE","ROLLING HILLS ESTATE, CA"
NA,NA,"ROMOLAND","ROMOLAND, CA"
NA,NA,"TEHACAPI","TEHACAPI, CA"
NA,NA,"SAN MARCOS`","SAN MARCOS`, CA"
NA,NA,"SAN RAFAEL.","SAN RAFAEL., CA"
NA,NA,"VENICE BEACH","VENICE BEACH, CA"
NA,NA,"COSTA MEASA","COSTA MEASA, CA"
NA,NA,"CANYONDAM","CANYONDAM, CA"
NA,NA,"GAZELLE","GAZELLE, CA"
NA,NA,"SUNOL","SUNOL, CA"
NA,NA,"VALLEY CENTET","VALLEY CENTET, CA"
NA,NA,"B.H.","B.H., CA"
NA,NA,"LAGUNA HILLS,","LAGUNA HILLS,, CA"
NA,NA,"GLENFORA","GLENFORA, CA"
NA,NA,"WEIMAR","WEIMAR, CA"
NA,NA,"LOUDON","LOUDON, CA"
NA,NA,"BURINGAME","BURINGAME, CA"
NA,NA,"CALIF","CALIF, CA"
NA,NA,"DAVENPORT","DAVENPORT, CA"
NA,NA,"FELTON","FELTON, CA"
NA,NA,"PALOS VERDES ESTATESC","PALOS VERDES ESTATESC, CA"
NA,NA,"CITRUS HEUGHTS","CITRUS HEUGHTS, CA"
NA,NA,"SHADOW HILLS, CA","SHADOW HILLS, CA, CA"
NA,NA,"MOUNTAIN CTR","MOUNTAIN CTR, CA"
NA,NA,"RPV","RPV, CA"
NA,NA,"SO LAKE TAHOE","SO LAKE TAHOE, CA"
NA,NA,"WARMER SPRINGS","WARMER SPRINGS, CA"
NA,NA,"PALMDALE,","PALMDALE,, CA"
NA,NA,"GARFENA","GARFENA, CA"
NA,NA,"BODEGA BAY","BODEGA BAY, CA"
NA,NA,"N. HOLLYWOOD","N. HOLLYWOOD, CA"
NA,NA,"BEL TIBURON","BEL TIBURON, CA"
NA,NA,"SO SAN FRANCISCO","SO SAN FRANCISCO, CA"
NA,NA,"FOTSER CITY","FOTSER CITY, CA"
NA,NA,"HIGHLND","HIGHLND, CA"
NA,NA,"CHULA VISTA,","CHULA VISTA,, CA"
NA,NA,"FPO AP","FPO AP, CA"
NA,NA,"SANDIMAS","SANDIMAS, CA"
NA,NA,"HORNBROOK","HORNBROOK, CA"
NA,NA,"MELBOURNE","MELBOURNE, CA"
NA,NA,"MORONGO VLY","MORONGO VLY, CA"
NA,NA,"LANCASTER CALIFORNIA","LANCASTER CALIFORNIA, CA"
NA,NA,"AURORA","AURORA, CA"
NA,NA,"IOWA HILL","IOWA HILL, CA"
NA,NA,"DEL MARCA","DEL MARCA, CA"
NA,NA,"ACWORTH","ACWORTH, CA"
NA,NA,"SAN JUAN CAP.","SAN JUAN CAP., CA"
NA,NA,"HERLONG","HERLONG, CA"
NA,NA,"PALMDAE","PALMDAE, CA"
NA,NA,"FART BRAGG","FART BRAGG, CA"
NA,NA,"THOUSAND PLMS","THOUSAND PLMS, CA"
NA,NA,"MCFARLAND","MCFARLAND, CA"
NA,NA,"FORKS OF SALMON","FORKS OF SALMON, CA"
NA,NA,"MOCESTO","MOCESTO, CA"
NA,NA,"RIVERFSIDE","RIVERFSIDE, CA"
NA,NA,"HILLSOROUGH","HILLSOROUGH, CA"
NA,NA,"LAKEVIEW TERRACE","LAKEVIEW TERRACE, CA"
NA,NA,"NORTH SAN JUAN","NORTH SAN JUAN, CA"
NA,NA,"TOLLHOUSE","TOLLHOUSE, CA"
NA,NA,"LOS ANGLES","LOS ANGLES, CA"
NA,NA,"ONYX","ONYX, CA"
NA,NA,"HAPPY CAMP","HAPPY CAMP, CA"
NA,NA,"SANMATEO","SANMATEO, CA"
NA,NA,"SANCLEMENTE","SANCLEMENTE, CA"
NA,NA,"FORT IRWIN","FORT IRWIN, CA"
NA,NA,"SANTA YNES","SANTA YNES, CA"
NA,NA,"MAR VISTA","MAR VISTA, CA"
NA,NA,"TUOLUMNE","TUOLUMNE, CA"
NA,NA,"ELK CREEK","ELK CREEK, CA"
NA,NA,"WESTLAKE VLG.","WESTLAKE VLG., CA"
NA,NA,"FARMERSVILLE","FARMERSVILLE, CA"
NA,NA,"EAST GARRISON","EAST GARRISON, CA"
NA,NA,"PAHRUMP","PAHRUMP, CA"
NA,NA,"HERMOSA BEACH DR.","HERMOSA BEACH DR., CA"
NA,NA,"ANNAPOLIS","ANNAPOLIS, CA"
NA,NA,"WOODY","WOODY, CA"
NA,NA,"SHERMAN  OAKS","SHERMAN  OAKS, CA"
NA,NA,"WEST HILL","WEST HILL, CA"
NA,NA,"LIVE OSK","LIVE OSK, CA"
NA,NA,"PACIFIC PLSDS","PACIFIC PLSDS, CA"
NA,NA,"MIRAMONTE","MIRAMONTE, CA"
NA,NA,"ALBION","ALBION, CA"
NA,NA,"REDWOOD VLY","REDWOOD VLY, CA"
NA,NA,"PALERMO","PALERMO, CA"
NA,NA,"SUMMERLAND","SUMMERLAND, CA"
NA,NA,"HORNITOS","HORNITOS, CA"
NA,NA,"STINSON BEACH","STINSON BEACH, CA"
NA,NA,"SAN LUIS REY","SAN LUIS REY, CA"
NA,NA,"BLRSDN GREAGL","BLRSDN GREAGL, CA"
NA,NA,"GREATER SAN DIEGO AREA","GREATER SAN DIEGO AREA, CA"
NA,NA,"RISEVILLE","RISEVILLE, CA"
NA,NA,"DELHI","DELHI, CA"
NA,NA,"BANGOR","BANGOR, CA"
NA,NA,"CARDIFF-BY-THE-SEA","CARDIFF-BY-THE-SEA, CA"
NA,NA,"GORMAN","GORMAN, CA"
NA,NA,"HOLT","HOLT, CA"
NA,NA,"TRONA","TRONA, CA"
NA,NA,"RCHO SANTA FE","RCHO SANTA FE, CA"
NA,NA,"WHITTIER, CA","WHITTIER, CA, CA"
NA,NA,"PHILLIPS RANCH","PHILLIPS RANCH, CA"
NA,NA,"CASTELLA","CASTELLA, CA"
NA,NA,"CARLOTTA","CARLOTTA, CA"
NA,NA,"FIREBAUGH","FIREBAUGH, CA"
NA,NA,"FALUN","FALUN, CA"
NA,NA,"SANDIEGO","SANDIEGO, CA"
NA,NA,"HUNTIINGTON BEACH","HUNTIINGTON BEACH, CA"
NA,NA,"LOLETA","LOLETA, CA"
NA,NA,"SHELL BEACH","SHELL BEACH, CA"
NA,NA,"MONTGOMERY CREEK","MONTGOMERY CREEK, CA"
NA,NA,"SACRMENTO","SACRMENTO, CA"
NA,NA,"ARAVACA,MADRID,SPAIN","ARAVACA,MADRID,SPAIN, CA"
NA,NA,"ANAHIEM","ANAHIEM, CA"
NA,NA,"-4086","-4086, CA"
NA,NA,"COWAN HEIGHTS","COWAN HEIGHTS, CA"
NA,NA,"COSTA  MESA","COSTA  MESA, CA"
NA,NA,"M. V.","M. V., CA"
NA,NA,"HUNTINGTON. BEACH","HUNTINGTON. BEACH, CA"
NA,NA,"BORREGO. SPRIINGS","BORREGO. SPRIINGS, CA"
NA,NA,"FREMONT.","FREMONT., CA"
NA,NA,"VISAILA","VISAILA, CA"
NA,NA,"CALIF CITY","CALIF CITY, CA"
NA,NA,"APO  AP","APO  AP, CA"
NA,NA,"CHIRIACO SUMMIT","CHIRIACO SUMMIT, CA"
NA,NA,"CARSBAD","CARSBAD, CA"
NA,NA,"RSMONA","RSMONA, CA"
NA,NA,"LA QUIMTA","LA QUIMTA, CA"
NA,NA,"HICKMAN","HICKMAN, CA"
NA,NA,"VICTORVILE","VICTORVILE, CA"
NA,NA,"EDISON","EDISON, CA"
NA,NA,"PALOS VERDES ESTATE","PALOS VERDES ESTATE, CA"
NA,NA,"MTN. VIEW","MTN. VIEW, CA"
NA,NA,"ANTELOPE ACRESS","ANTELOPE ACRESS, CA"
NA,NA,"DUNNIGAN","DUNNIGAN, CA"
NA,NA,"LOS ANGELES Y","LOS ANGELES Y, CA"
NA,NA,"CAMP CONNELL","CAMP CONNELL, CA"
NA,NA,"TUSTIN, CA 92780","TUSTIN, CA 92780, CA"
NA,NA,"SAN ARDO","SAN ARDO, CA"
NA,NA,"FOREST RANCH","FOREST RANCH, CA"
NA,NA,"FREMONT CITY","FREMONT CITY, CA"
NA,NA,"ALHAMBRA, CA","ALHAMBRA, CA, CA"
NA,NA,"NWEHALL","NWEHALL, CA"
NA,NA,"6980 MERCURY PLACE","6980 MERCURY PLACE, CA"
NA,NA,"SKY VALLEY","SKY VALLEY, CA"
NA,NA,"GUATAY","GUATAY, CA"
NA,NA,"SAO PAULO","SAO PAULO, CA"
NA,NA,"OLYMPIC VALLEY","OLYMPIC VALLEY, CA"
NA,NA,"A","A, CA"
NA,NA,"BIEBER","BIEBER, CA"
NA,NA,"FPO. AP","FPO. AP, CA"
NA,NA,"SELECT A CITY","SELECT A CITY, CA"
NA,NA,"VICTOR","VICTOR, CA"
NA,NA,"LEMON COVE","LEMON COVE, CA"
NA,NA,"CALIFORNIA HOT SPRINGS","CALIFORNIA HOT SPRINGS, CA"
NA,NA,"SAN JALINTE","SAN JALINTE, CA"
NA,NA,"BAKERFIELD","BAKERFIELD, CA"
NA,NA,"CUTTEN","CUTTEN, CA"
NA,NA,"YERMO","YERMO, CA"
NA,NA,"SPRECKELS","SPRECKELS, CA"
NA,NA,"EL TORO","EL TORO, CA"
NA,NA,"WELDON","WELDON, CA"
NA,NA,"TERRA BELLA","TERRA BELLA, CA"
NA,NA,"LAGUNA","LAGUNA, CA"
NA,NA,"CARY","CARY, CA"
NA,NA,"PLANTITION","PLANTITION, CA"
NA,NA,"CORO DE CAZA","CORO DE CAZA, CA"
NA,NA,"S EL MONTE","S EL MONTE, CA"
NA,NA,"RCH CUCAMONGA","RCH CUCAMONGA, CA"
NA,NA,"SPRING VALLEY LAKE","SPRING VALLEY LAKE, CA"
NA,NA,"SAN JOAQUIN","SAN JOAQUIN, CA"
NA,NA,"MARINA DL REY","MARINA DL REY, CA"
NA,NA,"MC KITTRICK","MC KITTRICK, CA"
NA,NA,"LOS. GATOS","LOS. GATOS, CA"
NA,NA,"PACIFIC  PALISFED","PACIFIC  PALISFED, CA"
NA,NA,"NAPLES","NAPLES, CA"
NA,NA,"SANTA BABRARA","SANTA BABRARA, CA"
NA,NA,"MC FARLAND","MC FARLAND, CA"
NA,NA,"NEWPORT BEAC","NEWPORT BEAC, CA"
NA,NA,"MONTE SERENA","MONTE SERENA, CA"
NA,NA,"SPRINGFIELD","SPRINGFIELD, CA"
NA,NA,"ESCONDIDO, CA","ESCONDIDO, CA, CA"
NA,NA,"LEGUNA BEACH","LEGUNA BEACH, CA"
NA,NA,"CUPETINO","CUPETINO, CA"
NA,NA,"PORTOLA VALLY","PORTOLA VALLY, CA"
NA,NA,"SAN RAFAAEL","SAN RAFAAEL, CA"
NA,NA,"UNIVERSITY PLACE","UNIVERSITY PLACE, CA"
NA,NA,"VERNALIS","VERNALIS, CA"
NA,NA,"LAKE OSWEGO","LAKE OSWEGO, CA"
NA,NA,"NAPA VALLEY","NAPA VALLEY, CA"
NA,NA,"RAHCHO SANTA FE","RAHCHO SANTA FE, CA"
NA,NA,"ASHBURTON","ASHBURTON, CA"
NA,NA,"LAKE MATHEWS","LAKE MATHEWS, CA"
NA,NA,"NICE","NICE, CA"
NA,NA,"LAKE FOREST CA. 92630","LAKE FOREST CA. 92630, CA"
NA,NA,"MECCA","MECCA, CA"
NA,NA,"CARNELIAN BAY","CARNELIAN BAY, CA"
NA,NA,"GREEN VALLEY LAKE","GREEN VALLEY LAKE, CA"
NA,NA,"NIIPOMO","NIIPOMO, CA"
NA,NA,"NORTH EDWARDS","NORTH EDWARDS, CA"
NA,NA,"DESERT HOTSPRINGS","DESERT HOTSPRINGS, CA"
NA,NA,"RACHO CUCAMONGA","RACHO CUCAMONGA, CA"
NA,NA,"PALOS VERDES ESTS","PALOS VERDES ESTS, CA"
NA,NA,"BEAR VALLEY CALIFORNIA (POPULA","BEAR VALLEY CALIFORNIA (POPULA, CA"
NA,NA,"SAN LUIS OBIISPI","SAN LUIS OBIISPI, CA"
NA,NA,"ROYAL OAKS","ROYAL OAKS, CA"
NA,NA,"BAKERSFIED","BAKERSFIED, CA"
NA,NA,"CANTHA CREEK","CANTHA CREEK, CA"
NA,NA,"SALEM","SALEM, CA"
NA,NA,"BLUEJAY","BLUEJAY, CA"
NA,NA,"FERNDALE","FERNDALE, CA"
NA,NA,"RANCHO CUCAMONA","RANCHO CUCAMONA, CA"
NA,NA,"IRONS DEL MAR","IRONS DEL MAR, CA"
NA,NA,"PLEASANTVILLE","PLEASANTVILLE, CA"
NA,NA,"VIATA","VIATA, CA"
NA,NA,"EARLIMART","EARLIMART, CA"
NA,NA,"YORBA LINDA CA 92886","YORBA LINDA CA 92886, CA"
NA,NA,"NEWPORT BEACHC","NEWPORT BEACHC, CA"
NA,NA,"LA HONDA","LA HONDA, CA"
NA,NA,"TRABUCA CANYON","TRABUCA CANYON, CA"
NA,NA,"SANTA MARIS","SANTA MARIS, CA"
NA,NA,"PALOS VERDES","PALOS VERDES, CA"
NA,NA,"FIVE POINTS","FIVE POINTS, CA"
NA,NA,"SHINGLE SPRINGS CA","SHINGLE SPRINGS CA, CA"
NA,NA,"ADIN","ADIN, CA"
NA,NA,"REDONDO BCH","REDONDO BCH, CA"
NA,NA,"FAIR OAKS RANCH","FAIR OAKS RANCH, CA"
NA,NA,"VENTURA, CA 93001","VENTURA, CA 93001, CA"
NA,NA,"POMONA.","POMONA., CA"
NA,NA,"COVIS","COVIS, CA"
NA,NA,"COVINQ","COVINQ, CA"
NA,NA,"SARATOGA, CA 95070","SARATOGA, CA 95070, CA"
NA,NA,"HB","HB, CA"
NA,NA,"FALL RIVER MILLS","FALL RIVER MILLS, CA"
NA,NA,"MANHATTAN BCH","MANHATTAN BCH, CA"
NA,NA,"FIELDBROOK","FIELDBROOK, CA"
NA,NA,"SANTA FE SORINGS","SANTA FE SORINGS, CA"
NA,NA,"GRASS VALLEY CA. 95949","GRASS VALLEY CA. 95949, CA"
NA,NA,"LA HABRA HTS","LA HABRA HTS, CA"
NA,NA,"MY SHASTA","MY SHASTA, CA"
NA,NA,"TRABUCO CANYON CALIFORNIA","TRABUCO CANYON CALIFORNIA, CA"
NA,NA,"PAYNES CREEK","PAYNES CREEK, CA"
NA,NA,"PLACEERVILLE","PLACEERVILLE, CA"
NA,NA,"COSTA MESA,","COSTA MESA,, CA"
NA,NA,"SHASTA LAKE CITY","SHASTA LAKE CITY, CA"
NA,NA,"GARDEN DROVE","GARDEN DROVE, CA"
NA,NA,"DUCOR","DUCOR, CA"
NA,NA,"CORINADO","CORINADO, CA"
NA,NA,"ROCKVILLE","ROCKVILLE, CA"
NA,NA,"GRIFFIN","GRIFFIN, CA"
NA,NA,"LOUISVILLE","LOUISVILLE, CA"
NA,NA,"LAS ANGELAS","LAS ANGELAS, CA"
NA,NA,"RIO RANCHO","RIO RANCHO, CA"
NA,NA,"SPANISH FORT","SPANISH FORT, CA"
NA,NA,"ATLANTA","ATLANTA, CA"
NA,NA,"QUAIL VALLEY","QUAIL VALLEY, CA"
NA,NA,"MOUNT PLEASANT","MOUNT PLEASANT, CA"
NA,NA,"NAMPA","NAMPA, CA"
NA,NA,"BUFFALO","BUFFALO, CA"
NA,NA,"WALLER","WALLER, CA"
NA,NA,"WILLISTON","WILLISTON, CA"
NA,NA,"ROCKY HILL","ROCKY HILL, CA"
NA,NA,"WINNSBORO","WINNSBORO, CA"
NA,NA,"CALEDONIA HAS","CALEDONIA HAS, CA"
NA,NA,"FRUIT COVE","FRUIT COVE, CA"
NA,NA,"WILMETTE","WILMETTE, CA"
NA,NA,"DALLAS","DALLAS, CA"
NA,NA,"BARNESVILLE","BARNESVILLE, CA"
NA,NA,"POWELL","POWELL, CA"
NA,NA,"GIG HARBOR","GIG HARBOR, CA"
NA,NA,"HOPE HULL","HOPE HULL, CA"
NA,NA,"SANTA FE","SANTA FE, CA"
NA,NA,"HAINES CITY","HAINES CITY, CA"
NA,NA,"NAVARRE","NAVARRE, CA"
NA,NA,"TOMALES","TOMALES, CA"
NA,NA,"NEEDHAM","NEEDHAM, CA"
NA,NA,"BIG OAK FLAT","BIG OAK FLAT, CA"
NA,NA,"MONUMENT","MONUMENT, CA"
NA,NA,"HUNTSVILLE","HUNTSVILLE, CA"
NA,NA,"NEW BOSTON","NEW BOSTON, CA"
NA,NA,"SCOTTSDALE","SCOTTSDALE, CA"
NA,NA,"OCEAN ISLE BEACH","OCEAN ISLE BEACH, CA"
NA,NA,"SARASOTA","SARASOTA, CA"
NA,NA,"BRONXVILLE","BRONXVILLE, CA"
NA,NA,"ALBUQUERQUE","ALBUQUERQUE, CA"
NA,NA,"BATON ROUGE","BATON ROUGE, CA"
NA,NA,"PLS VRDS EST","PLS VRDS EST, CA"
NA,NA,"PONCHA SPRINGS","PONCHA SPRINGS, CA"
NA,NA,"EVERETT","EVERETT, CA"
NA,NA,"GREENWICH","GREENWICH, CA"
NA,NA,"GUILFORD","GUILFORD, CA"
NA,NA,"BOCA RATON","BOCA RATON, CA"
NA,NA,"BROOKLYN","BROOKLYN, CA"
NA,NA,"MONT VERNON","MONT VERNON, CA"
NA,NA,"LITHONIA","LITHONIA, CA"
NA,NA,"WILLIAMSON","WILLIAMSON, CA"
NA,NA,"FAYETTEVILLE","FAYETTEVILLE, CA"
NA,NA,"SLIDELL","SLIDELL, CA"
NA,NA,"MARBLE FALLS","MARBLE FALLS, CA"
NA,NA,"PIWAY","PIWAY, CA"
NA,NA,"HAMILTON","HAMILTON, CA"
NA,NA,"SHELTON","SHELTON, CA"
NA,NA,"RENO","RENO, CA"
NA,NA,"BIXBY KNOLLS","BIXBY KNOLLS, CA"
NA,NA,"29 PALMS","29 PALMS, CA"
NA,NA,"SHRERMAN OAKS","SHRERMAN OAKS, CA"
NA,NA,"CINCINNATI","CINCINNATI, CA"
NA,NA,"STANDISH","STANDISH, CA"
NA,NA,"NORTH PALM BEACH","NORTH PALM BEACH, CA"
NA,NA,"ORMOND BEACH","ORMOND BEACH, CA"
NA,NA,"CRYSTAL RIVER","CRYSTAL RIVER, CA"
NA,NA,"CEDARBURG","CEDARBURG, CA"
NA,NA,"APACHE JUNCTION","APACHE JUNCTION, CA"
NA,NA,"ANGLETON","ANGLETON, CA"
NA,NA,"`SAN DIEGO","`SAN DIEGO, CA"
NA,NA,"FARMINGTON HILLS","FARMINGTON HILLS, CA"
NA,NA,"2813 VIA RIVERA","2813 VIA RIVERA, CA"
NA,NA,"MEDFORD","MEDFORD, CA"
NA,NA,"LUBBOCK","LUBBOCK, CA"
NA,NA,"SHANDON","SHANDON, CA"
NA,NA,"GAINESVILLE","GAINESVILLE, CA"
NA,NA,"BOX CANYON","BOX CANYON, CA"
NA,NA,"PETERSBURG","PETERSBURG, CA"
NA,NA,"CLEARWATER BEACH","CLEARWATER BEACH, CA"
NA,NA,"TOPEKA","TOPEKA, CA"
NA,NA,"ORICK","ORICK, CA"
NA,NA,"ROYAL OAK","ROYAL OAK, CA"
NA,NA,"TAMPA","TAMPA, CA"
NA,NA,"STUART","STUART, CA"
NA,NA,"PLANO","PLANO, CA"
NA,NA,"BOSSIER CITY","BOSSIER CITY, CA"
NA,NA,"NEWPORT","NEWPORT, CA"
NA,NA,"ATLASCADERO","ATLASCADERO, CA"
NA,NA,"PEYTON","PEYTON, CA"
NA,NA,"LEMON HEIGHTS","LEMON HEIGHTS, CA"
NA,NA,"DRYDEN","DRYDEN, CA"
NA,NA,"EL DORADO HOLLS","EL DORADO HOLLS, CA"
NA,NA,"FARGO","FARGO, CA"
NA,NA,"BLOUNTVILLE","BLOUNTVILLE, CA"
NA,NA,"LEVITTOWN","LEVITTOWN, CA"
NA,NA,"NORMAN","NORMAN, CA"
NA,NA,"DANA PAPA","DANA PAPA, CA"
NA,NA,"FLORISSANT","FLORISSANT, CA"
NA,NA,"PANAMA CITY BEACH","PANAMA CITY BEACH, CA"
NA,NA,"CHULA CISTA","CHULA CISTA, CA"
NA,NA,"HAGERSTOWN","HAGERSTOWN, CA"
NA,NA,"COLVILLE","COLVILLE, CA"
NA,NA,"OAK GLEN","OAK GLEN, CA"
NA,NA,"RALEIGH","RALEIGH, CA"
NA,NA,"CENTENNIAL","CENTENNIAL, CA"
NA,NA,"SO.IS","SO.IS, CA"
NA,NA,"ALVARADO","ALVARADO, CA"
NA,NA,"MAD RIVER","MAD RIVER, CA"
NA,NA,"GAITHERSBURG","GAITHERSBURG, CA"
NA,NA,"BLAIRSDEN GRAEAGLE","BLAIRSDEN GRAEAGLE, CA"
NA,NA,"PALO VERDE","PALO VERDE, CA"
NA,NA,"SKOKIE","SKOKIE, CA"
NA,NA,"GLEN COVE","GLEN COVE, CA"
NA,NA,"TULLAHOMA","TULLAHOMA, CA"
NA,NA,"SEWARD","SEWARD, CA"
NA,NA,"PUTNAM","PUTNAM, CA"
NA,NA,"SIMPSONVILLE","SIMPSONVILLE, CA"
NA,NA,"EUGENE","EUGENE, CA"
NA,NA,"HAWHORNE","HAWHORNE, CA"
NA,NA,"NAPA,","NAPA,, CA"
NA,NA,"RAVENDALE","RAVENDALE, CA"
NA,NA,"THE SEA RANCH","THE SEA RANCH, CA"
NA,NA,"REDONDO BBEACH","REDONDO BBEACH, CA"
NA,NA,"ROSEVILLR","ROSEVILLR, CA"
NA,NA,"OKLAHOMA","OKLAHOMA, CA"
NA,NA,"CHEYENNE","CHEYENNE, CA"
NA,NA,"A EL MONTE","A EL MONTE, CA"
NA,NA,"SAN FRANCISCO,CA","SAN FRANCISCO,CA, CA"
NA,NA,"LOA ANGELES","LOA ANGELES, CA"
NA,NA,"BLUE RIDGE","BLUE RIDGE, CA"
NA,NA,"UNIVERSAL CITY","UNIVERSAL CITY, CA"
NA,NA,"CATHEDRAL CTY","CATHEDRAL CTY, CA"
NA,NA,"READING","READING, CA"
NA,NA,"WESTMORLAND","WESTMORLAND, CA"
NA,NA,"BIG BEAR","BIG BEAR, CA"
NA,NA,"OLD STATION","OLD STATION, CA"
NA,NA,"CAPO BEACH","CAPO BEACH, CA"
NA,NA,"RAINBOW","RAINBOW, CA"
NA,NA,"GAVIOTA","GAVIOTA, CA"
NA,NA,"NOAVTO","NOAVTO, CA"
NA,NA,"SAN GREGORIO","SAN GREGORIO, CA"
NA,NA,"EL DORADO HILLS,","EL DORADO HILLS,, CA"
NA,NA,"RIDONDO BEACH","RIDONDO BEACH, CA"
NA,NA,"YREAK","YREAK, CA"
NA,NA,"ALTA.LOMA","ALTA.LOMA, CA"
NA,NA,"PALOALTO","PALOALTO, CA"
NA,NA,"KINGS. BEACH","KINGS. BEACH, CA"
NA,NA,"RIO BISTA","RIO BISTA, CA"
NA,NA,"BIG PINE","BIG PINE, CA"
NA,NA,"BANNINIG","BANNINIG, CA"
NA,NA,"ALTADENA, CA","ALTADENA, CA, CA"
NA,NA,"LOS ALANITOS","LOS ALANITOS, CA"
NA,NA,"COTI DE CAZA","COTI DE CAZA, CA"
NA,NA,"SAN-DIEGO","SAN-DIEGO, CA"
NA,NA,"STALLION SPRINGS","STALLION SPRINGS, CA"
NA,NA,"#NAME?","#NAME?, CA"
NA,NA,"SF","SF, CA"
NA,NA,"EAST WHITTIER","EAST WHITTIER, CA"
NA,NA,"IRVING","IRVING, CA"
NA,NA,"TWAIN HARTRE","TWAIN HARTRE, CA"
NA,NA,"CITY","CITY, CA"
NA,NA,"CHANNEL ISLANDS BEACH","CHANNEL ISLANDS BEACH, CA"
NA,NA,"GARDENA,","GARDENA,, CA"
NA,NA,"ALDERPOINT","ALDERPOINT, CA"
NA,NA,"WESTLAKE VILLIAGE","WESTLAKE VILLIAGE, CA"
NA,NA,"SAN JUAN CAISTRANO","SAN JUAN CAISTRANO, CA"
NA,NA,"MT. HERMON","MT. HERMON, CA"
NA,NA,"MOUNTAIN HOUSE-TRACY","MOUNTAIN HOUSE-TRACY, CA"
NA,NA,"CARLSBADD","CARLSBADD, CA"
NA,NA,"HOLLYWOOD HILLS WEST","HOLLYWOOD HILLS WEST, CA"
NA,NA,"MOKELUMNE HILL","MOKELUMNE HILL, CA"
NA,NA,"WALNUT PARK","WALNUT PARK, CA"
NA,NA,"CAZADERO","CAZADERO, CA"
NA,NA,"MAMMOTHLAKES","MAMMOTHLAKES, CA"
NA,NA,"TEMECCULA","TEMECCULA, CA"
NA,NA,"SO. SAN FRANCISCO","SO. SAN FRANCISCO, CA"
NA,NA,"SAN  JOSE","SAN  JOSE, CA"
NA,NA,"BRIDGEVILLE","BRIDGEVILLE, CA"
NA,NA,"VAKENCIA","VAKENCIA, CA"
NA,NA,"RANCHO  CUCAMONGA","RANCHO  CUCAMONGA, CA"
NA,NA,"PARADIECA","PARADIECA, CA"
NA,NA,"SANTA SUSANA","SANTA SUSANA, CA"
NA,NA,"APPLE VALLEY, CA.","APPLE VALLEY, CA., CA"
NA,NA,"WALMUT","WALMUT, CA"
NA,NA,"CARDIFF,","CARDIFF,, CA"
NA,NA,"SAN DIEFO","SAN DIEFO, CA"
NA,NA,"LOYALTON","LOYALTON, CA"
NA,NA,"LOHG BEACH","LOHG BEACH, CA"
NA,NA,"MILPITASCA","MILPITASCA, CA"
NA,NA,"SM","SM, CA"
NA,NA,"TORRENCE","TORRENCE, CA"
NA,NA,"SANFRANCISCO","SANFRANCISCO, CA"
NA,NA,"HTG. BEACH","HTG. BEACH, CA"
NA,NA,"PALOMAR MOUNTAIN","PALOMAR MOUNTAIN, CA"
NA,NA,"CRETLINE","CRETLINE, CA"
NA,NA,"COSTA MESAC","COSTA MESAC, CA"
NA,NA,"SIERRA MAZDRE","SIERRA MAZDRE, CA"
NA,NA,"OVEANO","OVEANO, CA"
NA,NA,"PALOS VERDES PEN.","PALOS VERDES PEN., CA"
NA,NA,"OTSNGE","OTSNGE, CA"
NA,NA,"CROWLEY LAKE","CROWLEY LAKE, CA"
NA,NA,"EMIGRANT GAP","EMIGRANT GAP, CA"
NA,NA,"LAKE ALMANOR","LAKE ALMANOR, CA"
NA,NA,"LA GUNA NIGUEL","LA GUNA NIGUEL, CA"
NA,NA,"CRESSEY","CRESSEY, CA"
NA,NA,"CLABASAS","CLABASAS, CA"
NA,NA,"SACRAMENTIO","SACRAMENTIO, CA"
NA,NA,"OARNGE","OARNGE, CA"
NA,NA,"MONTECA","MONTECA, CA"
NA,NA,"SANTA BAFRBARA","SANTA BAFRBARA, CA"
NA,NA,"MCKINLEY VILLE","MCKINLEY VILLE, CA"
NA,NA,"ROUGH READY","ROUGH READY, CA"
NA,NA,"CUPERFTINO","CUPERFTINO, CA"
NA,NA,"LONE","LONE, CA"
NA,NA,"LAGUNA HILLA","LAGUNA HILLA, CA"
NA,NA,"RANCHO PALOS VERDED","RANCHO PALOS VERDED, CA"
NA,NA,"VICTORVILLE  CALIFORNIA","VICTORVILLE  CALIFORNIA, CA"
NA,NA,"SAN CLEMENTE,","SAN CLEMENTE,, CA"
NA,NA,"PALMDLE","PALMDLE, CA"
NA,NA,"91355","91355, CA"
NA,NA,"REDONDO BEACG","REDONDO BEACG, CA"
NA,NA,"LOWER LAKECS","LOWER LAKECS, CA"
NA,NA,"MENLO  PARK","MENLO  PARK, CA"
NA,NA,"LAGUNAHILLS","LAGUNAHILLS, CA"
NA,NA,"SANRA BARBARA","SANRA BARBARA, CA"
NA,NA,"PLEASANT GRV","PLEASANT GRV, CA"
NA,NA,"YORUBA LINDA","YORUBA LINDA, CA"
NA,NA,"BOULDER","BOULDER, CA"
NA,NA,"SEAL EACH","SEAL EACH, CA"
NA,NA,"BAKERSFIELF","BAKERSFIELF, CA"
NA,NA,"RANCHOPALOS VERDES","RANCHOPALOS VERDES, CA"
NA,NA,"SAN FRANCISC","SAN FRANCISC, CA"
NA,NA,"CAMPO SECO","CAMPO SECO, CA"
NA,NA,"GLENDALE,","GLENDALE,, CA"
NA,NA,"SEL BEACH","SEL BEACH, CA"
NA,NA,"RNCHO CORDOVA","RNCHO CORDOVA, CA"
NA,NA,"SHINGLE PRINGS","SHINGLE PRINGS, CA"
NA,NA,"LAKEISDE","LAKEISDE, CA"
NA,NA,"HUNTINGTON  BEACH","HUNTINGTON  BEACH, CA"
NA,NA,"HUTNINGTON BEACH","HUTNINGTON BEACH, CA"
NA,NA,"WASHOE VALLEY","WASHOE VALLEY, CA"
NA,NA,"MOREOVER VALLEY","MOREOVER VALLEY, CA"
NA,NA,"LAKE ELSINORE,","LAKE ELSINORE,, CA"
NA,NA,"MISSION  VIEJO","MISSION  VIEJO, CA"
NA,NA,"BUTTE VALLEY","BUTTE VALLEY, CA"
NA,NA,"EDWARDS","EDWARDS, CA"
NA,NA,"NIPOMO,","NIPOMO,, CA"
NA,NA,"SAC","SAC, CA"
NA,NA,"FAIRPLAY","FAIRPLAY, CA"
NA,NA,"HUNTINGTON","HUNTINGTON, CA"
NA,NA,"GREEN BRAE","GREEN BRAE, CA"
NA,NA,"ROUND MOUNTAIN","ROUND MOUNTAIN, CA"
NA,NA,"R.PALOS VERDES","R.PALOS VERDES, CA"
NA,NA,"ANAHEIM HIKLS","ANAHEIM HIKLS, CA"
NA,NA,"RANCHO SSNTA MARGARITA","RANCHO SSNTA MARGARITA, CA"
NA,NA,"HILLS BOROUGH","HILLS BOROUGH, CA"
NA,NA,"CERES,","CERES,, CA"
NA,NA,"VACA","VACA, CA"
NA,NA,"AMADOR CITY","AMADOR CITY, CA"
NA,NA,"LAHABRA HEIGHTS","LAHABRA HEIGHTS, CA"
NA,NA,"EAGLEVILLE","EAGLEVILLE, CA"
NA,NA,"NORTHRIDG","NORTHRIDG, CA"
NA,NA,"WESTLAKEVILLAGE","WESTLAKEVILLAGE, CA"
NA,NA,"TIBURON-BEL","TIBURON-BEL, CA"
NA,NA,"ALVISO","ALVISO, CA"
NA,NA,"MOERNO VALLEY","MOERNO VALLEY, CA"
NA,NA,"ZAMORA","ZAMORA, CA"
NA,NA,"CABAZON","CABAZON, CA"
NA,NA,"TUCAIPA","TUCAIPA, CA"
NA,NA,"ATASCADERA","ATASCADERA, CA"
NA,NA,"WALNUT  CREEK","WALNUT  CREEK, CA"
NA,NA,"NORCOU","NORCOU, CA"
NA,NA,"VISTA CA","VISTA CA, CA"
NA,NA,"MIDPINES","MIDPINES, CA"
NA,NA,"SAM JOSE","SAM JOSE, CA"
NA,NA,"PISMOBEACH","PISMOBEACH, CA"
NA,NA,"W. HOLLYWOOD","W. HOLLYWOOD, CA"
NA,NA,"SOUTH SAN GABRIEL","SOUTH SAN GABRIEL, CA"
NA,NA,"A CRESCENTA","A CRESCENTA, CA"
NA,NA,"PEARBLOSSOM","PEARBLOSSOM, CA"
NA,NA,"NEWBURY PARK,","NEWBURY PARK,, CA"
NA,NA,"GRIMES","GRIMES, CA"
NA,NA,"REF BLUFF","REF BLUFF, CA"
NA,NA,"ATHRTON","ATHRTON, CA"
NA,NA,"ROSVILLE","ROSVILLE, CA"
NA,NA,"IMPERIAL BECH","IMPERIAL BECH, CA"
NA,NA,"LOS. ANGELES","LOS. ANGELES, CA"
NA,NA,"MORENUO VALLEY","MORENUO VALLEY, CA"
NA,NA,"FORT WORTH","FORT WORTH, CA"
NA,NA,"CERRTOS","CERRTOS, CA"
NA,NA,"PENN VALLELY","PENN VALLELY, CA"
NA,NA,"HUNTINGTON BESCH","HUNTINGTON BESCH, CA"
NA,NA,"CARMICGAEL","CARMICGAEL, CA"
NA,NA,"GLENCOE","GLENCOE, CA"
NA,NA,"WEST  HILLS","WEST  HILLS, CA"
NA,NA,"WIDOMAR","WIDOMAR, CA"
NA,NA,"LOS ALTOA","LOS ALTOA, CA"
NA,NA,"RSOEVILLE","RSOEVILLE, CA"
NA,NA,"SANBERNARDINO","SANBERNARDINO, CA"
NA,NA,"HUMT. BEACH","HUMT. BEACH, CA"
NA,NA,"NEVADA CITY,","NEVADA CITY,, CA"
NA,NA,"SHERMAN OAKA","SHERMAN OAKA, CA"
NA,NA,"MADER","MADER, CA"
NA,NA,"APO AP","APO AP, CA"
NA,NA,"SANTA YMEZ","SANTA YMEZ, CA"
NA,NA,"PALMSPRINGS","PALMSPRINGS, CA"
NA,NA,"WEST SACRAMEMTO","WEST SACRAMEMTO, CA"
NA,NA,"INVERNESS","INVERNESS, CA"
NA,NA,"BRSUMONT","BRSUMONT, CA"
NA,NA,"NEAWPORT BEACH","NEAWPORT BEACH, CA"
NA,NA,"LONG BEACH,","LONG BEACH,, CA"
NA,NA,"SAN DIEEO","SAN DIEEO, CA"
NA,NA,"TEMPE CITY","TEMPE CITY, CA"
NA,NA,"REDLAND","REDLAND, CA"
NA,NA,"PALM DESEERT","PALM DESEERT, CA"
NA,NA,"FIONA WAY","FIONA WAY, CA"
NA,NA,"WEEDE","WEEDE, CA"
NA,NA,"WALNIT CREEK","WALNIT CREEK, CA"
NA,NA,"CARMICHAEL,","CARMICHAEL,, CA"
NA,NA,"MISSION VLEJO","MISSION VLEJO, CA"
NA,NA,"CALPINE","CALPINE, CA"
NA,NA,"YOKOHAMA, JAPAN","YOKOHAMA, JAPAN, CA"
NA,NA,"BEALE AFB","BEALE AFB, CA"
NA,NA,"OALDALE","OALDALE, CA"
NA,NA,"ROWLAND HTS","ROWLAND HTS, CA"
NA,NA,"LOS SNGELES","LOS SNGELES, CA"
NA,NA,"SOUTH LAKE TAHO","SOUTH LAKE TAHO, CA"
NA,NA,"MURIETTA","MURIETTA, CA"
NA,NA,"JOHNS CREEK","JOHNS CREEK, CA"
NA,NA,"MURRIETTA","MURRIETTA, CA"
NA,NA,"BICTORVILLE","BICTORVILLE, CA"
NA,NA,"MERCER ISLAND","MERCER ISLAND, CA"
NA,NA,"CLARKSVILLE","CLARKSVILLE, CA"
NA,NA,"ROSENDALE","ROSENDALE, CA"
NA,NA,"NORTH PALM SPRINGS","NORTH PALM SPRINGS, CA"
NA,NA,"VIRGINIA BEACH","VIRGINIA BEACH, CA"
NA,NA,"ELCAJON","ELCAJON, CA"
NA,NA,"SPLCANG","SPLCANG, CA"
NA,NA,"LOS ANGELRS","LOS ANGELRS, CA"
NA,NA,"COEUR D ALENE","COEUR D ALENE, CA"
NA,NA,"SAINT PAUL","SAINT PAUL, CA"
NA,NA,"POPE VALLEY","POPE VALLEY, CA"
NA,NA,"MOTENO VALKEY","MOTENO VALKEY, CA"
NA,NA,"UNION","UNION, CA"
NA,NA,"HEBER","HEBER, CA"
NA,NA,"SUMMERFIELD","SUMMERFIELD, CA"
NA,NA,"BERWICK","BERWICK, CA"
NA,NA,"LAGUNA NIGUEK","LAGUNA NIGUEK, CA"
NA,NA,"HAYMARKET","HAYMARKET, CA"
NA,NA,"TIMESCAL VALLEY","TIMESCAL VALLEY, CA"
NA,NA,"ONANCOCK","ONANCOCK, CA"
NA,NA,"SPOKANE","SPOKANE, CA"
NA,NA,"LOME POKE","LOME POKE, CA"
NA,NA,"ATNERTON","ATNERTON, CA"
NA,NA,"HONG KONG","HONG KONG, CA"
NA,NA,"PALM BEACH GARDENS","PALM BEACH GARDENS, CA"
NA,NA,"SARATOGA SPRINGS","SARATOGA SPRINGS, CA"
NA,NA,"RHE","RHE, CA"
NA,NA,"DAHLONUGO CITY","DAHLONUGO CITY, CA"
NA,NA,"HOUSTON","HOUSTON, CA"
NA,NA,"CHINESE CAMP","CHINESE CAMP, CA"
NA,NA,"TAHOMA","TAHOMA, CA"
NA,NA,"SAN FIEGO","SAN FIEGO, CA"
NA,NA,"SUNNYDALE","SUNNYDALE, CA"
NA,NA,"PARKER","PARKER, CA"
NA,NA,"MT VALLEY","MT VALLEY, CA"
NA,NA,"NPB","NPB, CA"
NA,NA,"FPO","FPO, CA"
NA,NA,"PEMBROKE PINES","PEMBROKE PINES, CA"
NA,NA,"WESTLAKE VILLAG","WESTLAKE VILLAG, CA"
NA,NA,"CUMMING","CUMMING, CA"
NA,NA,"96001","96001, CA"
NA,NA,"ALPHARETTA","ALPHARETTA, CA"
NA,NA,"MARCH ARB","MARCH ARB, CA"
NA,NA,"FALLS CHURCH","FALLS CHURCH, CA"
NA,NA,"JACKSONVILLE","JACKSONVILLE, CA"
NA,NA,"MYRTLE BEACH","MYRTLE BEACH, CA"
NA,NA,"LEXINGTON","LEXINGTON, CA"
NA,NA,"MADISON","MADISON, CA"
NA,NA,"ROYSE CITY","ROYSE CITY, CA"
NA,NA,"SAVANNAH","SAVANNAH, CA"
NA,NA,"AMPASAS","AMPASAS, CA"
NA,NA,"INGLIS","INGLIS, CA"
NA,NA,"PLANTATION KEY","PLANTATION KEY, CA"
NA,NA,"BIRMINGHAM","BIRMINGHAM, CA"
NA,NA,"BEVERLY HILL","BEVERLY HILL, CA"
NA,NA,"PRESCOTT","PRESCOTT, CA"
NA,NA,"GANADO","GANADO, CA"
NA,NA,"NEW ALBANY","NEW ALBANY, CA"
NA,NA,"INDUSTRY","INDUSTRY, CA"
NA,NA,"OWENSBORO","OWENSBORO, CA"
NA,NA,"SEATTLE","SEATTLE, CA"
NA,NA,"HENDERSON","HENDERSON, CA"
NA,NA,"COACHELLA","COACHELLA, CA"
NA,NA,"MICHIGAMME","MICHIGAMME, CA"
NA,NA,"HORSE SHOE","HORSE SHOE, CA"
NA,NA,"JACKSBORO","JACKSBORO, CA"
NA,NA,"SACRAMENTE","SACRAMENTE, CA"
NA,NA,"EL PASO DE ROBLES","EL PASO DE ROBLES, CA"
NA,NA,"FORT LAUDERDALE","FORT LAUDERDALE, CA"
NA,NA,"VERO BEACH","VERO BEACH, CA"
NA,NA,"SUGAR LAND","SUGAR LAND, CA"
NA,NA,"ROSMOND","ROSMOND, CA"
NA,NA,"MIAMI","MIAMI, CA"
NA,NA,"CHAGRIN FALLS","CHAGRIN FALLS, CA"
NA,NA,"SAINT JOHNS","SAINT JOHNS, CA"
NA,NA,"COLDWATER","COLDWATER, CA"
NA,NA,"SURPRISE","SURPRISE, CA"
NA,NA,"MANCELONA","MANCELONA, CA"
NA,NA,"FAIRVIEW","FAIRVIEW, CA"
NA,NA,"ELKTON","ELKTON, CA"
NA,NA,"TUCSON","TUCSON, CA"
NA,NA,"INDIANAPOLIS","INDIANAPOLIS, CA"
NA,NA,"MONROE","MONROE, CA"
NA,NA,"BEAR VALLEY SPRINGS","BEAR VALLEY SPRINGS, CA"
NA,NA,"DENVER","DENVER, CA"
NA,NA,"ELCHJON","ELCHJON, CA"
NA,NA,"MACON","MACON, CA"
NA,NA,"NEW LONDON","NEW LONDON, CA"
NA,NA,"HOOVER","HOOVER, CA"
NA,NA,"OSWEGO","OSWEGO, CA"
NA,NA,"BROOKLINE","BROOKLINE, CA"
NA,NA,"WARREN","WARREN, CA"
NA,NA,"SD","SD, CA"
NA,NA,"INDIANA","INDIANA, CA"
NA,NA,"YOUNGSTOWN","YOUNGSTOWN, CA"
NA,NA,"TYLER","TYLER, CA"
NA,NA,"STONYFORD","STONYFORD, CA"
NA,NA,"MORADA","MORADA, CA"
NA,NA,"STONE MOUNTAIN","STONE MOUNTAIN, CA"
NA,NA,"BELLINGHAM","BELLINGHAM, CA"
NA,NA,"ALEXANDRIA","ALEXANDRIA, CA"
NA,NA,"F","F, CA"
NA,NA,"AUSTIN","AUSTIN, CA"
NA,NA,"TEGACHAPI","TEGACHAPI, CA"
NA,NA,"92705","92705, CA"
NA,NA,"ASHLAND","ASHLAND, CA"
NA,NA,"FREEMONT","FREEMONT, CA"
NA,NA,"MANHATTAN","MANHATTAN, CA"
NA,NA,"ENGLEWOOD","ENGLEWOOD, CA"
NA,NA,"KEY BISCAYNE","KEY BISCAYNE, CA"
NA,NA,"BALBOA","BALBOA, CA"
NA,NA,"BIG OAK VALLEY","BIG OAK VALLEY, CA"
NA,NA,"ST GEORGE","ST GEORGE, CA"
NA,NA,"LA JOLA","LA JOLA, CA"
NA,NA,"REDGECREST","REDGECREST, CA"
NA,NA,"HOOPA","HOOPA, CA"
NA,NA,"WILLOWBROOK","WILLOWBROOK, CA"
NA,NA,"SPRING HILL","SPRING HILL, CA"
NA,NA,"SOUTH WINDSOR","SOUTH WINDSOR, CA"
NA,NA,"MANDEVILLE","MANDEVILLE, CA"
NA,NA,"W. MELBOURNE","W. MELBOURNE, CA"
NA,NA,"BRICK","BRICK, CA"
NA,NA,"SPRING","SPRING, CA"
NA,NA,"BUDA","BUDA, CA"
NA,NA,"PIRU","PIRU, CA"
NA,NA,"LEAKEY","LEAKEY, CA"
NA,NA,"TULSA","TULSA, CA"
NA,NA,"GOLDEN BEACH","GOLDEN BEACH, CA"
NA,NA,"BILLINGS","BILLINGS, CA"
NA,NA,"PB","PB, CA"
NA,NA,"ODESSA","ODESSA, CA"
NA,NA,"DOS RIOS","DOS RIOS, CA"
NA,NA,"LAWRENCE","LAWRENCE, CA"
NA,NA,"CHELAN","CHELAN, CA"
NA,NA,"SPARKS","SPARKS, CA"
NA,NA,"COLUMBUS","COLUMBUS, CA"
NA,NA,"BRIDGETON","BRIDGETON, CA"
NA,NA,"OCEAN","OCEAN, CA"
NA,NA,"ALAMED","ALAMED, CA"
NA,NA,"LAKE CHARLES","LAKE CHARLES, CA"
NA,NA,"EVANSVILLE","EVANSVILLE, CA"
NA,NA,"PARADISE VALLEY","PARADISE VALLEY, CA"
NA,NA,"LAYTON","LAYTON, CA"
NA,NA,"TORRANCECE","TORRANCECE, CA"
NA,NA,"MINTEREY","MINTEREY, CA"
NA,NA,"MARINO VALLEY","MARINO VALLEY, CA"
NA,NA,"ISANTA CLARITA","ISANTA CLARITA, CA"
NA,NA,"OLANCHA","OLANCHA, CA"
NA,NA,"SEABECK","SEABECK, CA"
NA,NA,"BRIGHTON","BRIGHTON, CA"
NA,NA,"MCCLELLAN","MCCLELLAN, CA"
NA,NA,"TRYON","TRYON, CA"
NA,NA,"PITTSBURGH","PITTSBURGH, CA"
NA,NA,"JOHNS ISLAND","JOHNS ISLAND, CA"
NA,NA,"94928 ROHNERT PARK","94928 ROHNERT PARK, CA"
NA,NA,"BELVIDERE","BELVIDERE, CA"
NA,NA,"CORNELL","CORNELL, CA"
NA,NA,"JUNE LAKE","JUNE LAKE, CA"
NA,NA,"LA CONNER","LA CONNER, CA"
NA,NA,"SEMINOLE","SEMINOLE, CA"
NA,NA,"FRIREBAUGH","FRIREBAUGH, CA"
NA,NA,"DORAL","DORAL, CA"
NA,NA,"SAN ANTONIO","SAN ANTONIO, CA"
NA,NA,"MIFFLINBURG","MIFFLINBURG, CA"
NA,NA,"FT. MYERS","FT. MYERS, CA"
NA,NA,"TEMECU","TEMECU, CA"
NA,NA,"AKRON","AKRON, CA"
NA,NA,"WEST LAKE HILLS","WEST LAKE HILLS, CA"
NA,NA,"JURIES VALLEY","JURIES VALLEY, CA"
NA,NA,"RIVER RIDGE","RIVER RIDGE, CA"
NA,NA,"SETAUKET","SETAUKET, CA"
NA,NA,"HIGHLANDS RANCH","HIGHLANDS RANCH, CA"
NA,NA,"GRANDY","GRANDY, CA"
NA,NA,"ROUND TOP","ROUND TOP, CA"
NA,NA,"ENFIELD","ENFIELD, CA"
NA,NA,"RIO NIDO","RIO NIDO, CA"
NA,NA,"FOREST LAKE","FOREST LAKE, CA"
NA,NA,"COALFAX","COALFAX, CA"
NA,NA,"LANDRUM","LANDRUM, CA"
NA,NA,"HOLLIS","HOLLIS, CA"
NA,NA,"WEST PALM BEACH","WEST PALM BEACH, CA"
NA,NA,"WINTER PARK","WINTER PARK, CA"
NA,NA,"MOUNT BETHEL","MOUNT BETHEL, CA"
NA,NA,"HAZLET TOWNSHIP","HAZLET TOWNSHIP, CA"
NA,NA,"GREENEVILLE","GREENEVILLE, CA"
NA,NA,"BRADENTON","BRADENTON, CA"
NA,NA,"EAST LOS ANGELES","EAST LOS ANGELES, CA"
NA,NA,"SAVAGE","SAVAGE, CA"
NA,NA,"KNOXVILLE","KNOXVILLE, CA"
NA,NA,"AMELIA ISLAND","AMELIA ISLAND, CA"
NA,NA,"CARL JUNCTION","CARL JUNCTION, CA"
NA,NA,"MADISONVILLE","MADISONVILLE, CA"
NA,NA,"CHAMPLIN","CHAMPLIN, CA"
NA,NA,"BROWNSTOWN TWP","BROWNSTOWN TWP, CA"
NA,NA,"SANTER","SANTER, CA"
NA,NA,"EL MIRAGE","EL MIRAGE, CA"
NA,NA,"BOERNE","BOERNE, CA"
NA,NA,"SANTA CLATITA","SANTA CLATITA, CA"
NA,NA,"FANWOOD","FANWOOD, CA"
NA,NA,"CLERMONT","CLERMONT, CA"
NA,NA,"SAN FRABCISCO","SAN FRABCISCO, CA"
NA,NA,"GRAND MOUND","GRAND MOUND, CA"
NA,NA,"GOLDENDALE","GOLDENDALE, CA"
NA,NA,"BATTLE MOUNTAIN","BATTLE MOUNTAIN, CA"
NA,NA,"VALRICO","VALRICO, CA"
NA,NA,"KELLER","KELLER, CA"
NA,NA,"KIMBERLING CITY","KIMBERLING CITY, CA"
NA,NA,"SAN CLEMENTE, CA","SAN CLEMENTE, CA, CA"
NA,NA,"CALUMENT CITY","CALUMENT CITY, CA"
NA,NA,"NEW CANAAN","NEW CANAAN, CA"
NA,NA,"SUWANEE","SUWANEE, CA"
NA,NA,"HAHIRA","HAHIRA, CA"
NA,NA,"NEW VERNON","NEW VERNON, CA"
NA,NA,"DAYTONA BEACH","DAYTONA BEACH, CA"
NA,NA,"ELVIS CAJON","ELVIS CAJON, CA"
NA,NA,"LITCHFIELD","LITCHFIELD, CA"
NA,NA,"PORT NUENEME","PORT NUENEME, CA"
NA,NA,"FLORENCE","FLORENCE, CA"
NA,NA,"APOPKA","APOPKA, CA"
NA,NA,"KENNESAW","KENNESAW, CA"
NA,NA,"BOYES HOT SPRINGS","BOYES HOT SPRINGS, CA"
NA,NA,"CEDAR PARK","CEDAR PARK, CA"
NA,NA,"LEOLA","LEOLA, CA"
NA,NA,"96064","96064, CA"
NA,NA,"TALBOTTON","TALBOTTON, CA"
NA,NA,"SAN MARCOSCA","SAN MARCOSCA, CA"
NA,NA,"LONGBEACH","LONGBEACH, CA"
NA,NA,"ANAHEIN","ANAHEIN, CA"
NA,NA,"PLACENTA","PLACENTA, CA"
NA,NA,"RANCH SANTA FE","RANCH SANTA FE, CA"
NA,NA,"S. LAKE TAHOE","S. LAKE TAHOE, CA"
NA,NA,"VINEBURG","VINEBURG, CA"
NA,NA,"90620BUENA PARK","90620BUENA PARK, CA"
NA,NA,"ALAMP","ALAMP, CA"
NA,NA,"CEANSIDE","CEANSIDE, CA"
NA,NA,"BEVERLY HILS","BEVERLY HILS, CA"
NA,NA,"CORONA,","CORONA,, CA"
NA,NA,"SAN FRAN","SAN FRAN, CA"
NA,NA,"SIERRA  MADRE","SIERRA  MADRE, CA"
NA,NA,"ALPINE,","ALPINE,, CA"
NA,NA,"LOS ANGELAS","LOS ANGELAS, CA"
NA,NA,"YUA CITY","YUA CITY, CA"
NA,NA,"AGOUR","AGOUR, CA"
NA,NA,"CARLSBAD,","CARLSBAD,, CA"
NA,NA,"LAGUNA BEACH, CA","LAGUNA BEACH, CA, CA"
NA,NA,"VACVILLE","VACVILLE, CA"
NA,NA,"APPLEVALLEY","APPLEVALLEY, CA"
NA,NA,"PORTERVILLE CA.","PORTERVILLE CA., CA"
NA,NA,"HERMOSA BEWCH","HERMOSA BEWCH, CA"
NA,NA,"VSCAVILLE","VSCAVILLE, CA"
NA,NA,"FORSTVILLE","FORSTVILLE, CA"
NA,NA,"SPRING VALLLEY","SPRING VALLLEY, CA"
NA,NA,"SPRING VALLRY","SPRING VALLRY, CA"
NA,NA,"PLACENTIS","PLACENTIS, CA"
NA,NA,"91352","91352, CA"
NA,NA,"BLOOMINGOTN","BLOOMINGOTN, CA"
NA,NA,"NORTGRIDGE","NORTGRIDGE, CA"
NA,NA,"EL DORADO HILLS CA","EL DORADO HILLS CA, CA"
NA,NA,"CARPEINTERIA","CARPEINTERIA, CA"
NA,NA,"LATROBE","LATROBE, CA"
NA,NA,"TRABUCO CYN","TRABUCO CYN, CA"
NA,NA,"ARVIN","ARVIN, CA"
NA,NA,"MOKELUMNE HL","MOKELUMNE HL, CA"
NA,NA,"PI??ON HILLS","PI??ON HILLS, CA"
NA,NA,"KNIGHTS FERRY","KNIGHTS FERRY, CA"
NA,NA,"EDH","EDH, CA"
NA,NA,"CENTRAL VALLEY","CENTRAL VALLEY, CA"
NA,NA,"CELKINS@DELTAPACKING.COM","CELKINS@DELTAPACKING.COM, CA"
NA,NA,"CAMARILLA","CAMARILLA, CA"
NA,NA,"EARP","EARP, CA"
NA,NA,"SWALL MEADOWS","SWALL MEADOWS, CA"
NA,NA,"SIMI SALLY","SIMI SALLY, CA"
NA,NA,"HUNTINGTN BEACH","HUNTINGTN BEACH, CA"
NA,NA,"ORDINDA","ORDINDA, CA"
NA,NA,"BISMARCK","BISMARCK, CA"
NA,NA,"RANCHO PALODS VERDES","RANCHO PALODS VERDES, CA"
NA,NA,"BIG SUR","BIG SUR, CA"
NA,NA,"CLAREMONTE","CLAREMONTE, CA"
NA,NA,"TOPAMGA","TOPAMGA, CA"
NA,NA,"PACIFCA","PACIFCA, CA"
NA,NA,"RANCHO. MARAGE","RANCHO. MARAGE, CA"
NA,NA,"POINT RICHMOND","POINT RICHMOND, CA"
NA,NA,"W HOLLYWOOD","W HOLLYWOOD, CA"
NA,NA,"GOLD RUN","GOLD RUN, CA"
NA,NA,"LKWD","LKWD, CA"
NA,NA,"MISSOULA","MISSOULA, CA"
